-- phpMyAdmin SQL Dump
-- version 4.2.11
-- http://www.phpmyadmin.net
--
-- Host: 127.0.0.1
-- Generation Time: Apr 07, 2015 at 06:38 PM
-- Server version: 5.6.21
-- PHP Version: 5.5.19

SET FOREIGN_KEY_CHECKS=0;
SET SQL_MODE = "NO_AUTO_VALUE_ON_ZERO";
SET time_zone = "+00:00";

--
-- Database: `zone2000`
--

-- --------------------------------------------------------

--
-- Table structure for table `m_area`
--

CREATE TABLE IF NOT EXISTS `m_area` (
`id_area` int(3) NOT NULL,
  `kd_area` varchar(20) NOT NULL,
  `nama_area` varchar(250) NOT NULL,
  `urutan` int(3) DEFAULT NULL,
  `id_kota` int(5) NOT NULL DEFAULT '1',
  `id_ka_area` int(6) DEFAULT NULL
) ENGINE=InnoDB AUTO_INCREMENT=3 DEFAULT CHARSET=latin1;

--
-- Dumping data for table `m_area`
--

INSERT INTO `m_area` (`id_area`, `kd_area`, `nama_area`, `urutan`, `id_kota`, `id_ka_area`) VALUES
(1, 'Pas', 'Pasific Place', 1, 1, 1);

-- --------------------------------------------------------

--
-- Table structure for table `m_cabang`
--

CREATE TABLE IF NOT EXISTS `m_cabang` (
`id_cabang` int(3) NOT NULL,
  `kd_cabang` varchar(20) NOT NULL,
  `nama_cabang` varchar(250) NOT NULL,
  `urutan` int(3) NOT NULL,
  `alamat` text NOT NULL,
  `telp` varchar(250) NOT NULL,
  `fax` varchar(20) DEFAULT NULL,
  `date_start` date NOT NULL,
  `id_kepcabang` int(6) DEFAULT NULL,
  `id_owner` int(6) NOT NULL,
  `luas` int(6) NOT NULL,
  `pajak_toko` int(8) NOT NULL,
  `id_area` int(6) DEFAULT NULL
) ENGINE=InnoDB AUTO_INCREMENT=11 DEFAULT CHARSET=latin1;

--
-- Dumping data for table `m_cabang`
--

INSERT INTO `m_cabang` (`id_cabang`, `kd_cabang`, `nama_cabang`, `urutan`, `alamat`, `telp`, `fax`, `date_start`, `id_kepcabang`, `id_owner`, `luas`, `pajak_toko`, `id_area`) VALUES
(10, 'ST001', 'Gembira Playground', 0, 'Menteng', '021111', '021333', '2015-04-20', NULL, 2, 0, 0, 1);

-- --------------------------------------------------------

--
-- Table structure for table `m_cabang_setting`
--

CREATE TABLE IF NOT EXISTS `m_cabang_setting` (
`id` int(11) NOT NULL,
  `id_cabang` int(3) NOT NULL,
  `merchandise_ratio` int(5) NOT NULL,
  `store_area` int(5) NOT NULL,
  `rent_charge` int(11) NOT NULL,
  `service_charge` int(11) NOT NULL,
  `store_owner` varchar(50) DEFAULT NULL,
  `coin_regular` int(11) NOT NULL,
  `coin_acrylic` int(11) NOT NULL,
  `wristband` int(11) NOT NULL,
  `service_charge_total` int(11) NOT NULL,
  `budget` int(11) NOT NULL,
  `target` int(11) NOT NULL
) ENGINE=InnoDB AUTO_INCREMENT=10 DEFAULT CHARSET=latin1;

--
-- Dumping data for table `m_cabang_setting`
--

INSERT INTO `m_cabang_setting` (`id`, `id_cabang`, `merchandise_ratio`, `store_area`, `rent_charge`, `service_charge`, `store_owner`, `coin_regular`, `coin_acrylic`, `wristband`, `service_charge_total`, `budget`, `target`) VALUES
(9, 10, 30, 30, 30, 20, NULL, 20, 20, 20, 0, 200000, 200000);

-- --------------------------------------------------------

--
-- Table structure for table `m_grup`
--

CREATE TABLE IF NOT EXISTS `m_grup` (
`grup_id` int(10) unsigned NOT NULL,
  `grup_nama` varchar(25) DEFAULT NULL,
  `grup_deskripsi` varchar(50) DEFAULT NULL,
  `otoritas_data` char(1) DEFAULT NULL
) ENGINE=InnoDB AUTO_INCREMENT=20 DEFAULT CHARSET=latin1;

--
-- Dumping data for table `m_grup`
--

INSERT INTO `m_grup` (`grup_id`, `grup_nama`, `grup_deskripsi`, `otoritas_data`) VALUES
(15, 'Super Admin', 'Super Admin', 'D'),
(16, 'Produksi', 'produksi', '0'),
(17, 'Akuntansi', 'akuntansi', '0'),
(18, 'Direksi', 'Direksi', '0'),
(19, 'Logistik', 'Logistik', '0');

-- --------------------------------------------------------

--
-- Table structure for table `m_grup_menu`
--

CREATE TABLE IF NOT EXISTS `m_grup_menu` (
  `kd_grup_menu` int(10) unsigned NOT NULL,
  `nama_grup_menu` varchar(50) DEFAULT NULL,
  `urutan` smallint(6) DEFAULT NULL,
  `icon` varchar(20) DEFAULT NULL
) ENGINE=InnoDB DEFAULT CHARSET=latin1;

--
-- Dumping data for table `m_grup_menu`
--

INSERT INTO `m_grup_menu` (`kd_grup_menu`, `nama_grup_menu`, `urutan`, `icon`) VALUES
(1, 'Master Data', 11, 'icon-folder-open-alt'),
(2, 'Pengelolaan Pengguna', 12, 'icon-user'),
(10, 'Transaksi', NULL, 'icon-fighter-jet');

-- --------------------------------------------------------

--
-- Table structure for table `m_hadiah`
--

CREATE TABLE IF NOT EXISTS `m_hadiah` (
`id_hadiah` int(4) NOT NULL,
  `kd_hadiah` varchar(50) DEFAULT NULL,
  `nama_hadiah` varchar(250) DEFAULT NULL,
  `harga` int(8) DEFAULT NULL
) ENGINE=InnoDB AUTO_INCREMENT=3 DEFAULT CHARSET=latin1;

-- --------------------------------------------------------

--
-- Table structure for table `m_jabatan`
--

CREATE TABLE IF NOT EXISTS `m_jabatan` (
`id_jabatan` int(4) NOT NULL,
  `kd_jabatan` varchar(50) DEFAULT NULL,
  `nama_jabatan` varchar(250) DEFAULT NULL,
  `urutan` int(3) NOT NULL
) ENGINE=InnoDB AUTO_INCREMENT=2 DEFAULT CHARSET=latin1;

--
-- Dumping data for table `m_jabatan`
--

INSERT INTO `m_jabatan` (`id_jabatan`, `kd_jabatan`, `nama_jabatan`, `urutan`) VALUES
(1, '001', 'Manager', 0);

-- --------------------------------------------------------

--
-- Table structure for table `m_jenis_mesin`
--

CREATE TABLE IF NOT EXISTS `m_jenis_mesin` (
  `id_jenis_mesin` int(4) NOT NULL,
  `kd_jenis_mesin` varchar(40) NOT NULL,
  `nama_jenis_mesin` varchar(50) NOT NULL,
  `deskripsi` varchar(100) DEFAULT NULL,
  `thumbnail` varchar(50) DEFAULT NULL,
  `foto` varchar(50) DEFAULT NULL,
  `jenis_koin` int(2) DEFAULT NULL,
  `id_kategori_mesin` int(3) NOT NULL,
  `id_kelas` int(3) DEFAULT NULL
) ENGINE=InnoDB DEFAULT CHARSET=latin1;

--
-- Dumping data for table `m_jenis_mesin`
--

INSERT INTO `m_jenis_mesin` (`id_jenis_mesin`, `kd_jenis_mesin`, `nama_jenis_mesin`, `deskripsi`, `thumbnail`, `foto`, `jenis_koin`, `id_kategori_mesin`, `id_kelas`) VALUES
(0, '001', 'SEGA RALLY', 'cool', NULL, '', 2, 7, 2);

-- --------------------------------------------------------

--
-- Table structure for table `m_kartu`
--

CREATE TABLE IF NOT EXISTS `m_kartu` (
  `id_kartu` int(2) NOT NULL,
  `kd_kartu` varchar(50) DEFAULT NULL,
  `nama_pemilik` varchar(50) DEFAULT NULL,
  `id_cabang` int(3) DEFAULT NULL,
  `id_kategori_kartu` int(3) DEFAULT NULL
) ENGINE=InnoDB DEFAULT CHARSET=latin1;

-- --------------------------------------------------------

--
-- Table structure for table `m_kategori_kartu`
--

CREATE TABLE IF NOT EXISTS `m_kategori_kartu` (
`id_kategori_kartu` int(3) NOT NULL,
  `kd_kategori_kartu` varchar(40) NOT NULL,
  `nama_kategori_kartu` varchar(250) NOT NULL,
  `harga` int(8) NOT NULL
) ENGINE=InnoDB AUTO_INCREMENT=2 DEFAULT CHARSET=latin1;

-- --------------------------------------------------------

--
-- Table structure for table `m_kategori_mesin`
--

CREATE TABLE IF NOT EXISTS `m_kategori_mesin` (
`id_kategori_mesin` int(3) NOT NULL,
  `kd_kategori_mesin` varchar(20) NOT NULL,
  `nama_kategori_mesin` varchar(250) NOT NULL
) ENGINE=InnoDB AUTO_INCREMENT=10 DEFAULT CHARSET=latin1;

--
-- Dumping data for table `m_kategori_mesin`
--

INSERT INTO `m_kategori_mesin` (`id_kategori_mesin`, `kd_kategori_mesin`, `nama_kategori_mesin`) VALUES
(4, '001', 'Mesin Pusher'),
(5, '002', 'Mesin Redemption'),
(6, '003', 'Mesin Vending'),
(7, '004', 'Fixed Game'),
(8, '005', 'Large Fixed Game'),
(9, '006', 'Large Game');

-- --------------------------------------------------------

--
-- Table structure for table `m_kelas`
--

CREATE TABLE IF NOT EXISTS `m_kelas` (
`id_kelas` int(3) NOT NULL,
  `kd_kelas` varchar(40) NOT NULL,
  `nama_kelas` varchar(250) NOT NULL,
  `min_value` int(20) NOT NULL,
  `max_value` int(20) NOT NULL
) ENGINE=InnoDB AUTO_INCREMENT=6 DEFAULT CHARSET=latin1;

--
-- Dumping data for table `m_kelas`
--

INSERT INTO `m_kelas` (`id_kelas`, `kd_kelas`, `nama_kelas`, `min_value`, `max_value`) VALUES
(2, 'A', 'Kelas A', 3000001, 999000000),
(3, 'B', 'Kelas B', 2000001, 3000000),
(4, 'C', 'Kelas C', 1000001, 2000000),
(5, 'D', 'Kelas D', 1, 1000000);

-- --------------------------------------------------------

--
-- Table structure for table `m_koin`
--

CREATE TABLE IF NOT EXISTS `m_koin` (
`id_koin` int(2) NOT NULL,
  `kd_koin` varchar(50) DEFAULT NULL,
  `nama_koin` varchar(50) DEFAULT NULL
) ENGINE=InnoDB AUTO_INCREMENT=4 DEFAULT CHARSET=latin1;

--
-- Dumping data for table `m_koin`
--

INSERT INTO `m_koin` (`id_koin`, `kd_koin`, `nama_koin`) VALUES
(1, 'ACR', 'Acrylic'),
(2, 'WRY', 'Wristband'),
(3, 'REG', 'Regular');

-- --------------------------------------------------------

--
-- Table structure for table `m_kota`
--

CREATE TABLE IF NOT EXISTS `m_kota` (
`id_kota` int(5) NOT NULL,
  `nama_kota` varchar(250) DEFAULT NULL,
  `urutan` int(5) DEFAULT NULL,
  `id_provinsi` int(3) DEFAULT NULL,
  `kd_kota` varchar(50) DEFAULT NULL
) ENGINE=InnoDB AUTO_INCREMENT=3 DEFAULT CHARSET=latin1;

--
-- Dumping data for table `m_kota`
--

INSERT INTO `m_kota` (`id_kota`, `nama_kota`, `urutan`, `id_provinsi`, `kd_kota`) VALUES
(1, 'Jakarta Pusat', 1, 1, 'JAK'),
(2, 'Jakarta Selatan', 2, 1, 'Jaksel');

-- --------------------------------------------------------

--
-- Table structure for table `m_level`
--

CREATE TABLE IF NOT EXISTS `m_level` (
`id_level` int(3) NOT NULL,
  `nama_level` varchar(250) DEFAULT NULL,
  `kd_level` varchar(50) DEFAULT NULL
) ENGINE=MyISAM AUTO_INCREMENT=2 DEFAULT CHARSET=latin1;

-- --------------------------------------------------------

--
-- Table structure for table `m_menu`
--

CREATE TABLE IF NOT EXISTS `m_menu` (
`kd_menu` int(11) NOT NULL,
  `kd_grup_menu` int(11) unsigned DEFAULT NULL,
  `nama_menu` varchar(50) DEFAULT NULL,
  `deskripsi` varchar(50) DEFAULT NULL,
  `menu_level` smallint(6) DEFAULT NULL,
  `menu_urutan` smallint(6) DEFAULT NULL,
  `url` varchar(100) DEFAULT NULL,
  `child_grup` smallint(6) DEFAULT NULL,
  `kd_parent` int(11) DEFAULT NULL
) ENGINE=InnoDB AUTO_INCREMENT=68 DEFAULT CHARSET=latin1;

--
-- Dumping data for table `m_menu`
--

INSERT INTO `m_menu` (`kd_menu`, `kd_grup_menu`, `nama_menu`, `deskripsi`, `menu_level`, `menu_urutan`, `url`, `child_grup`, `kd_parent`) VALUES
(1, 1, 'Menu Aplikasi', '', NULL, 3, 'menu', NULL, 6),
(3, 1, 'Group Menu', '', NULL, 4, 'menu_group', NULL, 6),
(4, 2, 'Roles', '', NULL, 4, 'roles', NULL, NULL),
(5, 2, 'user', '', NULL, 3, 'user', NULL, NULL),
(6, 1, 'Menu', '', NULL, 5, '', NULL, NULL),
(48, 1, 'Pulau', '', NULL, 6, 'pulau', NULL, NULL),
(49, 1, 'Provinsi', '', NULL, 7, 'provinsi', NULL, NULL),
(50, 1, 'Area', '', NULL, 8, 'area', NULL, NULL),
(51, 1, 'Kategori Mesin', '', NULL, 9, 'kategori_mesin', NULL, NULL),
(52, 1, 'Supplier', '', NULL, 10, 'supplier', NULL, NULL),
(53, 1, 'Kelas', '', NULL, 11, 'kelas', NULL, NULL),
(55, 1, 'Mesin', '', NULL, 13, 'mesin', NULL, NULL),
(56, 1, 'Cabang', '', NULL, 14, 'cabang', NULL, NULL),
(57, 1, 'Jabatan', '', NULL, 15, 'jabatan', NULL, NULL),
(58, 1, 'Pegawai', '', NULL, 16, 'pegawai', NULL, NULL),
(59, 1, 'Level', '', NULL, 17, 'level', NULL, NULL),
(60, 10, 'Purchase Order', '', NULL, 1, 'po', NULL, NULL),
(61, 1, 'Setting Hadiah', '', NULL, 18, 'setting_hadiah', NULL, NULL),
(62, 1, 'Hadiah', '', NULL, 19, 'hadiah', NULL, NULL),
(63, 1, 'Sparepart', '', NULL, 20, 'sparepart', NULL, NULL),
(64, 1, 'Status Mutasi Mesin', '', NULL, 21, 'status_mutasi_mesin', NULL, NULL),
(65, 1, 'Strore', '', NULL, 22, 'store', NULL, NULL),
(66, 1, 'Machine Type', '', NULL, 23, 'jenis_mesin', NULL, NULL),
(67, 10, 'Merchandise', 'purchase request for hadiah', NULL, 2, 'pr_hadiah', NULL, NULL);

-- --------------------------------------------------------

--
-- Table structure for table `m_mesin`
--

CREATE TABLE IF NOT EXISTS `m_mesin` (
`id_mesin` int(5) NOT NULL,
  `kd_mesin` varchar(250) NOT NULL,
  `serial_number` varchar(50) DEFAULT NULL,
  `harga` int(20) NOT NULL,
  `tgl_beli` date NOT NULL,
  `garansi_toko` text NOT NULL,
  `status` varchar(45) DEFAULT NULL COMMENT 'status\n0 : fine\n1 : rusak tapi masih bisa jalan\n2 : rusak dan tidak jalan/nyala',
  `id_supplier` int(3) NOT NULL COMMENT 'id_supplier , harga , dan tgl_beli merupakan duplikasi data dari tabel pengadaan detail',
  `id_jenis_mesin` int(4) DEFAULT NULL,
  `id_cabang` int(3) NOT NULL,
  `id_koin` int(2) DEFAULT NULL COMMENT 'jenis koin nya apa \n',
  `id_owner` int(6) DEFAULT NULL
) ENGINE=InnoDB AUTO_INCREMENT=4 DEFAULT CHARSET=latin1;

-- --------------------------------------------------------

--
-- Table structure for table `m_negara`
--

CREATE TABLE IF NOT EXISTS `m_negara` (
`id_negara` int(11) NOT NULL,
  `nama_negara` varchar(30) NOT NULL
) ENGINE=InnoDB AUTO_INCREMENT=3 DEFAULT CHARSET=latin1;

--
-- Dumping data for table `m_negara`
--

INSERT INTO `m_negara` (`id_negara`, `nama_negara`) VALUES
(1, 'Indonesia'),
(2, 'Malaysia');

-- --------------------------------------------------------

--
-- Table structure for table `m_owner`
--

CREATE TABLE IF NOT EXISTS `m_owner` (
`id_owner` int(6) NOT NULL,
  `kd_owner` varchar(50) DEFAULT NULL,
  `nama_owner` varchar(100) DEFAULT NULL
) ENGINE=InnoDB AUTO_INCREMENT=3 DEFAULT CHARSET=latin1;

--
-- Dumping data for table `m_owner`
--

INSERT INTO `m_owner` (`id_owner`, `kd_owner`, `nama_owner`) VALUES
(1, 'RAM', 'RAMAYANA MAKMUR SENTOSA'),
(2, 'MUL', 'PT. MULKINDO PERKASA');

-- --------------------------------------------------------

--
-- Table structure for table `m_pegawai`
--

CREATE TABLE IF NOT EXISTS `m_pegawai` (
`id_pegawai` int(6) NOT NULL,
  `nik` varchar(50) DEFAULT NULL,
  `nama_pegawai` varchar(250) DEFAULT NULL,
  `no_hp` varchar(50) DEFAULT NULL,
  `alamat` text,
  `id_jabatan` int(4) DEFAULT NULL,
  `id_level` int(4) DEFAULT NULL,
  `tgl_masuk` date DEFAULT NULL,
  `tgl_keluar` date DEFAULT NULL,
  `salary` int(10) DEFAULT NULL,
  `status_pegawai` int(3) DEFAULT NULL,
  `keterangan` text,
  `user_id` int(10) unsigned DEFAULT NULL
) ENGINE=InnoDB AUTO_INCREMENT=4 DEFAULT CHARSET=latin1;

--
-- Dumping data for table `m_pegawai`
--

INSERT INTO `m_pegawai` (`id_pegawai`, `nik`, `nama_pegawai`, `no_hp`, `alamat`, `id_jabatan`, `id_level`, `tgl_masuk`, `tgl_keluar`, `salary`, `status_pegawai`, `keterangan`, `user_id`) VALUES
(1, '220091100841', 'sanggra', NULL, NULL, NULL, NULL, NULL, NULL, NULL, NULL, NULL, NULL),
(2, NULL, NULL, NULL, NULL, NULL, NULL, NULL, NULL, NULL, NULL, NULL, NULL),
(3, '3273212709830002', 'Joko', '081222', 'JKT', 1, 1, '2015-03-25', '2015-03-28', 9, 1, 'OKE', NULL);

-- --------------------------------------------------------

--
-- Table structure for table `m_provinsi`
--

CREATE TABLE IF NOT EXISTS `m_provinsi` (
`id_provinsi` int(3) NOT NULL,
  `nama_provinsi` varchar(250) NOT NULL,
  `kd_provinsi` varchar(20) NOT NULL,
  `urutan` int(3) NOT NULL,
  `id_pulau` int(3) NOT NULL
) ENGINE=InnoDB AUTO_INCREMENT=2 DEFAULT CHARSET=latin1;

--
-- Dumping data for table `m_provinsi`
--

INSERT INTO `m_provinsi` (`id_provinsi`, `nama_provinsi`, `kd_provinsi`, `urutan`, `id_pulau`) VALUES
(1, 'Jakarta', '001', 0, 2);

-- --------------------------------------------------------

--
-- Table structure for table `m_pulau`
--

CREATE TABLE IF NOT EXISTS `m_pulau` (
`id_pulau` int(3) NOT NULL,
  `nama_pulau` varchar(250) NOT NULL,
  `kd_pulau` varchar(20) NOT NULL,
  `id_negara` int(11) NOT NULL DEFAULT '1',
  `urutan` int(3) NOT NULL
) ENGINE=InnoDB AUTO_INCREMENT=5 DEFAULT CHARSET=latin1;

--
-- Dumping data for table `m_pulau`
--

INSERT INTO `m_pulau` (`id_pulau`, `nama_pulau`, `kd_pulau`, `id_negara`, `urutan`) VALUES
(1, 'Sumatra', '001', 1, 0),
(2, 'Jawa', '002', 1, 0),
(3, 'Kalimantan', '003', 1, 0);

-- --------------------------------------------------------

--
-- Table structure for table `m_roles`
--

CREATE TABLE IF NOT EXISTS `m_roles` (
`roles_id` bigint(20) unsigned NOT NULL,
  `menu_id` int(11) DEFAULT NULL,
  `grup_id` int(11) unsigned DEFAULT NULL,
  `is_view` varchar(1) DEFAULT NULL,
  `is_add` varchar(10) DEFAULT NULL,
  `is_edit` varchar(1) DEFAULT NULL,
  `is_delete` varchar(1) DEFAULT NULL,
  `is_approve` varchar(1) DEFAULT NULL,
  `is_import` varchar(1) DEFAULT NULL,
  `is_print` varchar(1) DEFAULT NULL,
  `act` varchar(1) DEFAULT NULL
) ENGINE=InnoDB AUTO_INCREMENT=740 DEFAULT CHARSET=latin1;

--
-- Dumping data for table `m_roles`
--

INSERT INTO `m_roles` (`roles_id`, `menu_id`, `grup_id`, `is_view`, `is_add`, `is_edit`, `is_delete`, `is_approve`, `is_import`, `is_print`, `act`) VALUES
(716, 60, 15, 't', 't', 't', 't', 't', 't', 't', NULL),
(717, 67, 15, 't', 't', 't', 't', 't', 't', 't', NULL),
(718, 6, 15, 't', 't', 't', 't', 't', 't', 't', NULL),
(719, 1, 15, 't', 't', 't', 't', 't', 't', 't', NULL),
(720, 3, 15, 't', 't', 't', 't', 't', 't', 't', NULL),
(721, 48, 15, 't', 't', 't', 't', 't', 't', 't', NULL),
(722, 49, 15, 't', 't', 't', 't', 't', 't', 't', NULL),
(723, 50, 15, 't', 't', 't', 't', 't', 't', 't', NULL),
(724, 51, 15, 't', 't', 't', 't', 't', 't', 't', NULL),
(725, 52, 15, 't', 't', 't', 't', 't', 't', 't', NULL),
(726, 53, 15, 't', 't', 't', 't', 't', 't', 't', NULL),
(727, 55, 15, 't', 't', 't', 't', 't', 't', 't', NULL),
(728, 56, 15, 't', 't', 't', 't', 't', 't', 't', NULL),
(729, 57, 15, 't', 't', 't', 't', 't', 't', 't', NULL),
(730, 58, 15, 't', 't', 't', 't', 't', 't', 't', NULL),
(731, 59, 15, 't', 't', 't', 't', 't', 't', 't', NULL),
(732, 61, 15, 't', 't', 't', 't', 't', 't', 't', NULL),
(733, 62, 15, 't', 't', 't', 't', 't', 't', 't', NULL),
(734, 63, 15, 't', 't', 't', 't', 't', 't', 't', NULL),
(735, 64, 15, 't', 't', 't', 't', 't', 't', 't', NULL),
(736, 65, 15, 't', 't', 't', 't', 't', 't', 't', NULL),
(737, 66, 15, 't', 't', 't', 't', 't', 't', 't', NULL),
(738, 5, 15, 't', 't', 't', 't', 't', 't', 't', NULL),
(739, 4, 15, 't', 't', 't', 't', 't', 't', 't', NULL);

-- --------------------------------------------------------

--
-- Table structure for table `m_setting_hadiah`
--

CREATE TABLE IF NOT EXISTS `m_setting_hadiah` (
`id_setting_hadiah` int(4) NOT NULL,
  `id_lokasi` int(3) DEFAULT NULL,
  `id_hadiah` int(3) DEFAULT NULL,
  `jumlah_tiket` int(10) DEFAULT NULL
) ENGINE=InnoDB AUTO_INCREMENT=3 DEFAULT CHARSET=latin1;

-- --------------------------------------------------------

--
-- Table structure for table `m_sparepart`
--

CREATE TABLE IF NOT EXISTS `m_sparepart` (
`id_sparepart` int(6) NOT NULL,
  `nama_sparepart` varchar(250) DEFAULT NULL,
  `kd_sparepart` varchar(50) DEFAULT NULL
) ENGINE=MyISAM AUTO_INCREMENT=4 DEFAULT CHARSET=latin1;

-- --------------------------------------------------------

--
-- Table structure for table `m_stok_hadiah`
--

CREATE TABLE IF NOT EXISTS `m_stok_hadiah` (
`id_stok_hadiah` int(11) NOT NULL,
  `kd_stok_hadiah` varchar(50) DEFAULT NULL,
  `id_hadiah` int(6) DEFAULT NULL,
  `id_cabang` int(3) DEFAULT NULL,
  `stok_total` int(11) DEFAULT '0',
  `stok_gudang` int(11) DEFAULT '0',
  `stok_mesin` int(11) DEFAULT '0'
) ENGINE=InnoDB DEFAULT CHARSET=latin1;

-- --------------------------------------------------------

--
-- Table structure for table `m_stok_kartu`
--

CREATE TABLE IF NOT EXISTS `m_stok_kartu` (
`id_stok_hadiah` int(11) NOT NULL,
  `kd_stok_hadiah` varchar(50) DEFAULT NULL,
  `id_kartu` int(2) DEFAULT NULL,
  `id_cabang` int(3) DEFAULT NULL,
  `stok_total` int(11) DEFAULT '0',
  `stok_gudang` int(11) DEFAULT '0'
) ENGINE=InnoDB DEFAULT CHARSET=latin1;

-- --------------------------------------------------------

--
-- Table structure for table `m_stok_koin`
--

CREATE TABLE IF NOT EXISTS `m_stok_koin` (
`id_stok_hadiah` int(11) NOT NULL,
  `kd_stok_hadiah` varchar(50) DEFAULT NULL,
  `id_koin` int(2) DEFAULT NULL,
  `id_cabang` int(3) DEFAULT NULL,
  `stok_total` int(11) DEFAULT '0',
  `stok_gudang` int(11) DEFAULT '0',
  `stok_mesin` int(11) DEFAULT '0'
) ENGINE=InnoDB DEFAULT CHARSET=latin1;

-- --------------------------------------------------------

--
-- Table structure for table `m_stok_sparepart`
--

CREATE TABLE IF NOT EXISTS `m_stok_sparepart` (
`id_stok_sparepart` int(11) NOT NULL,
  `kd_stok_sparepart` varchar(50) DEFAULT NULL,
  `id_sparepart` int(2) DEFAULT NULL,
  `id_cabang` int(3) DEFAULT NULL,
  `stok_total` int(11) DEFAULT '0',
  `stok_gudang` int(11) DEFAULT NULL,
  `stok_mesin` int(11) DEFAULT NULL
) ENGINE=InnoDB DEFAULT CHARSET=latin1;

-- --------------------------------------------------------

--
-- Table structure for table `m_stok_tiket`
--

CREATE TABLE IF NOT EXISTS `m_stok_tiket` (
`id_stok_tiket` int(11) NOT NULL,
  `kd_stok_tiket` varchar(50) DEFAULT NULL,
  `id_tiket` int(2) DEFAULT NULL,
  `id_cabang` int(3) DEFAULT NULL,
  `stok_total` int(11) DEFAULT '0',
  `stok_gudang` int(11) DEFAULT NULL,
  `stok_mesin` int(11) DEFAULT NULL
) ENGINE=InnoDB DEFAULT CHARSET=latin1;

-- --------------------------------------------------------

--
-- Table structure for table `m_supplier`
--

CREATE TABLE IF NOT EXISTS `m_supplier` (
`id_supplier` int(3) NOT NULL,
  `nama_supplier` varchar(250) NOT NULL,
  `kd_supplier` varchar(20) NOT NULL,
  `urutan` int(3) NOT NULL,
  `alamat_supplier` text NOT NULL
) ENGINE=InnoDB AUTO_INCREMENT=10 DEFAULT CHARSET=latin1;

--
-- Dumping data for table `m_supplier`
--

INSERT INTO `m_supplier` (`id_supplier`, `nama_supplier`, `kd_supplier`, `urutan`, `alamat_supplier`) VALUES
(9, 'PT Indonesia Juara', 'S001', 0, 'Jakarta');

-- --------------------------------------------------------

--
-- Table structure for table `m_tiket`
--

CREATE TABLE IF NOT EXISTS `m_tiket` (
`id_tiket` int(2) NOT NULL,
  `kd_tiket` varchar(50) DEFAULT NULL,
  `nama_tiket` varchar(50) DEFAULT NULL
) ENGINE=InnoDB DEFAULT CHARSET=latin1;

-- --------------------------------------------------------

--
-- Table structure for table `m_user`
--

CREATE TABLE IF NOT EXISTS `m_user` (
  `user_id` bigint(20) unsigned NOT NULL,
  `nik` varchar(20) DEFAULT NULL,
  `grup_id` int(11) unsigned DEFAULT NULL,
  `user_name` varchar(25) DEFAULT NULL,
  `user_password` varchar(50) DEFAULT NULL,
  `last_update` date DEFAULT NULL,
  `is_active` char(1) DEFAULT NULL,
  `last_login` date DEFAULT NULL
) ENGINE=InnoDB DEFAULT CHARSET=latin1;

--
-- Dumping data for table `m_user`
--

INSERT INTO `m_user` (`user_id`, `nik`, `grup_id`, `user_name`, `user_password`, `last_update`, `is_active`, `last_login`) VALUES
(1, '220091100841', 15, 'admin', '21232f297a57a5a743894a0e4a801fc3', '2015-03-01', '1', '2015-04-07'),
(2, '1001', 16, 'produksi', 'edf3017a2946290b95c783bd1a7f0ba7', '2015-03-06', '1', '2015-03-11'),
(3, '1002', 17, 'akuntansi', '1139f90d50ba3bb7ff4b2602ad03aa26', '2015-03-01', '1', '2015-03-10'),
(4, '1003', 18, 'direksi', '18a5726d8227b237064ecef7d1f4e634', '2015-03-01', '1', '2015-03-03'),
(5, '1004', 19, 'logistik', 'cb1f02561c07f62717a4814c048a6239', '2015-01-21', '1', '2015-03-10');

-- --------------------------------------------------------

--
-- Table structure for table `zn_ci_sessions`
--

CREATE TABLE IF NOT EXISTS `zn_ci_sessions` (
  `session_id` varchar(40) NOT NULL,
  `ip_address` varchar(50) NOT NULL,
  `last_activity` bigint(20) NOT NULL,
  `user_data` text NOT NULL,
  `user_agent` varchar(250) NOT NULL
) ENGINE=MyISAM DEFAULT CHARSET=latin1;

-- --------------------------------------------------------

--
-- Table structure for table `zn_hadiah_keluar`
--

CREATE TABLE IF NOT EXISTS `zn_hadiah_keluar` (
`id_hadiah_keluar` int(8) NOT NULL,
  `id_hadiah` int(6) DEFAULT NULL,
  `id_lokasi` int(6) DEFAULT NULL,
  `jumlah` int(4) DEFAULT NULL,
  `tanggal` date DEFAULT NULL
) ENGINE=MyISAM DEFAULT CHARSET=latin1;

-- --------------------------------------------------------

--
-- Table structure for table `zn_kartu_penjualan`
--

CREATE TABLE IF NOT EXISTS `zn_kartu_penjualan` (
`id_kartu_penjualan` int(11) NOT NULL,
  `kd_kartu_penjualan` varchar(50) DEFAULT NULL,
  `nama_pembeli` varchar(50) DEFAULT NULL,
  `harga` int(11) DEFAULT NULL,
  `tanggal` date DEFAULT NULL,
  `id_pegawai` int(6) DEFAULT NULL,
  `id_kartu` int(2) DEFAULT NULL,
  `id_cabang` int(3) DEFAULT NULL
) ENGINE=InnoDB DEFAULT CHARSET=latin1;

-- --------------------------------------------------------

--
-- Table structure for table `zn_kartu_topup`
--

CREATE TABLE IF NOT EXISTS `zn_kartu_topup` (
`id_kartu_topup` int(11) NOT NULL,
  `kd_kartu_topup` varchar(50) DEFAULT NULL,
  `id_kartu` int(2) DEFAULT NULL,
  `id_cabang` int(3) DEFAULT NULL,
  `tanggal` date DEFAULT NULL,
  `nominal` int(11) DEFAULT NULL,
  `id_pegawai` int(11) DEFAULT NULL
) ENGINE=InnoDB DEFAULT CHARSET=latin1;

-- --------------------------------------------------------

--
-- Table structure for table `zn_log`
--

CREATE TABLE IF NOT EXISTS `zn_log` (
  `nik` varchar(15) DEFAULT NULL,
  `username` varchar(30) DEFAULT NULL,
  `tgl_akses` timestamp NOT NULL DEFAULT CURRENT_TIMESTAMP ON UPDATE CURRENT_TIMESTAMP,
  `activity` varchar(150) DEFAULT NULL,
`id` bigint(20) unsigned NOT NULL
) ENGINE=MyISAM AUTO_INCREMENT=24282 DEFAULT CHARSET=latin1;

--
-- Dumping data for table `zn_log`
--

INSERT INTO `zn_log` (`nik`, `username`, `tgl_akses`, `activity`, `id`) VALUES
('220091100841', 'admin', '2015-04-07 04:33:00', 'Menampilkan halaman Province Master', 24198),
('220091100841', 'admin', '2015-04-07 04:33:17', 'Menampilkan halaman Store Master', 24199),
('220091100841', 'admin', '2015-04-07 04:33:29', 'Menampilkan halaman Province Master', 24200),
('220091100841', 'admin', '2015-04-07 04:37:56', 'Menampilkan halaman Master Supplier', 24201),
('220091100841', 'admin', '2015-04-07 04:38:18', 'Menambahkan data Tambah Supplier', 24202),
('220091100841', 'admin', '2015-04-07 04:46:49', 'Menampilkan halaman Master Supplier', 24203),
('220091100841', 'admin', '2015-04-07 04:56:39', 'Mengubah data Edit Supplier', 24204),
('220091100841', 'admin', '2015-04-07 04:57:16', 'Mengubah data Edit Supplier', 24205),
('220091100841', 'admin', '2015-04-07 04:57:43', 'Mengubah data Edit Supplier', 24206),
('220091100841', 'admin', '2015-04-07 04:58:02', 'Menampilkan halaman Master Island', 24207),
('220091100841', 'admin', '2015-04-07 04:58:30', 'Menampilkan halaman Province Master', 24208),
('220091100841', 'admin', '2015-04-07 05:04:25', 'Menampilkan halaman Store Master', 24209),
('220091100841', 'admin', '2015-04-07 05:15:06', 'Menambahkan data Tambah Cabang', 24210),
('220091100841', 'admin', '2015-04-07 06:02:58', 'Menampilkan halaman Store Master', 24211),
('220091100841', 'admin', '2015-04-07 06:03:11', 'Menampilkan halaman Machine Master', 24212),
('220091100841', 'admin', '2015-04-07 06:12:29', 'Menampilkan halaman Menu Aplikasi', 24213),
('220091100841', 'admin', '2015-04-07 06:12:29', 'Menampilkan halaman Master Pulau', 24214),
('220091100841', 'admin', '2015-04-07 06:13:08', 'Menampilkan halaman Menu Aplikasi', 24215),
('220091100841', 'admin', '2015-04-07 06:13:08', 'Menampilkan halaman Master Pulau', 24216),
('220091100841', 'admin', '2015-04-07 06:14:01', 'Menampilkan halaman Machine Type Master', 24217),
('220091100841', 'admin', '2015-04-07 06:16:10', 'Menampilkan halaman Machine Type Master', 24218),
('220091100841', 'admin', '2015-04-07 06:16:31', 'Menampilkan halaman Machine Type Master', 24219),
('220091100841', 'admin', '2015-04-07 06:17:47', 'Menampilkan halaman Machine Type Master', 24220),
('220091100841', 'admin', '2015-04-07 06:18:13', 'Menampilkan halaman Machine Type Master', 24221),
('220091100841', 'admin', '2015-04-07 06:18:49', 'Menampilkan halaman Machine Type Master', 24222),
('220091100841', 'admin', '2015-04-07 06:19:10', 'Menampilkan halaman Machine Type Master', 24223),
('220091100841', 'admin', '2015-04-07 06:19:26', 'Menampilkan halaman Machine Type Master', 24224),
('220091100841', 'admin', '2015-04-07 06:24:23', 'Menampilkan halaman Machine Class', 24225),
('220091100841', 'admin', '2015-04-07 06:25:11', 'Menambahkan data Tambah Kelas', 24226),
('220091100841', 'admin', '2015-04-07 06:25:36', 'Menambahkan data Tambah Kelas', 24227),
('220091100841', 'admin', '2015-04-07 06:25:48', 'Mengubah data Edit Kelas', 24228),
('220091100841', 'admin', '2015-04-07 06:25:54', 'Mengubah data Edit Kelas', 24229),
('220091100841', 'admin', '2015-04-07 06:26:13', 'Menambahkan data Tambah Kelas', 24230),
('220091100841', 'admin', '2015-04-07 06:26:27', 'Menambahkan data Tambah Kelas', 24231),
('220091100841', 'admin', '2015-04-07 06:26:41', 'Mengubah data Edit Kelas', 24232),
('220091100841', 'admin', '2015-04-07 06:26:46', 'Menampilkan halaman Machine Class', 24233),
('220091100841', 'admin', '2015-04-07 06:27:02', 'Mengubah data Edit Kelas', 24234),
('220091100841', 'admin', '2015-04-07 06:27:08', 'Mengubah data Edit Kelas', 24235),
('220091100841', 'admin', '2015-04-07 06:28:33', 'Menampilkan halaman Machine Category Master', 24236),
('220091100841', 'admin', '2015-04-07 06:36:18', 'Menampilkan halaman Machine Category', 24237),
('220091100841', 'admin', '2015-04-07 06:37:04', 'Menambahkan data Tambah Kategori Mesin', 24238),
('220091100841', 'admin', '2015-04-07 06:37:14', 'Menambahkan data Tambah Kategori Mesin', 24239),
('220091100841', 'admin', '2015-04-07 06:37:22', 'Menambahkan data Tambah Kategori Mesin', 24240),
('220091100841', 'admin', '2015-04-07 06:37:47', 'Menambahkan data Tambah Kategori Mesin', 24241),
('220091100841', 'admin', '2015-04-07 06:38:02', 'Menambahkan data Tambah Kategori Mesin', 24242),
('220091100841', 'admin', '2015-04-07 06:38:12', 'Menampilkan halaman Machine Category', 24243),
('220091100841', 'admin', '2015-04-07 06:38:32', 'Menampilkan halaman Machine Category', 24244),
('220091100841', 'admin', '2015-04-07 06:43:22', 'Menampilkan halaman Machine Category', 24245),
('220091100841', 'admin', '2015-04-07 06:43:59', 'Menambahkan data Tambah Kategori Mesin', 24246),
('220091100841', 'admin', '2015-04-07 06:44:19', 'Menampilkan halaman Machine Category', 24247),
('220091100841', 'admin', '2015-04-07 06:44:48', 'Menampilkan halaman Machine Type Master', 24248),
('220091100841', 'admin', '2015-04-07 08:40:13', 'Menampilkan halaman Machine Type Master', 24249),
('220091100841', 'admin', '2015-04-07 08:52:34', 'Menambahkan data Tambah Cabang', 24250),
('220091100841', 'admin', '2015-04-07 08:52:44', 'Mengubah data Edit BBM', 24251),
('220091100841', 'admin', '2015-04-07 08:52:55', 'Mengubah data Edit BBM', 24252),
('220091100841', 'admin', '2015-04-07 09:43:27', 'Menampilkan halaman Menu Aplikasi', 24253),
('220091100841', 'admin', '2015-04-07 09:43:27', 'Menampilkan halaman Master Pulau', 24254),
('220091100841', 'admin', '2015-04-07 09:45:36', 'Menampilkan halaman Menu Aplikasi', 24255),
('220091100841', 'admin', '2015-04-07 09:45:36', 'Menampilkan halaman Master Pulau', 24256),
('220091100841', 'admin', '2015-04-07 09:45:41', 'Menampilkan halaman PO Master', 24257),
('220091100841', 'admin', '2015-04-07 09:45:47', 'Menampilkan halaman PO Master', 24258),
('220091100841', 'admin', '2015-04-07 09:45:57', 'Menampilkan halaman Master Pulau', 24259),
('220091100841', 'admin', '2015-04-07 09:46:20', 'Mengubah data Manajemen Role', 24260),
('220091100841', 'admin', '2015-04-07 09:46:20', 'Menampilkan halaman Master Pulau', 24261),
('220091100841', 'admin', '2015-04-07 09:46:25', 'Menampilkan halaman PR Hadiah', 24262),
('220091100841', 'admin', '2015-04-07 09:47:19', 'Menampilkan halaman PR Hadiah', 24263),
('220091100841', 'admin', '2015-04-07 11:43:12', 'Menambahkan data Tambah Kategori Mesin', 24264),
('220091100841', 'admin', '2015-04-07 11:43:34', 'Menampilkan halaman PR Hadiah', 24265),
('220091100841', 'admin', '2015-04-07 11:44:08', 'Menampilkan halaman PR Hadiah', 24266),
('220091100841', 'admin', '2015-04-07 11:44:54', 'Menampilkan halaman PR Hadiah', 24267),
('220091100841', 'admin', '2015-04-07 11:49:45', 'Menampilkan halaman PR Hadiah', 24268),
('220091100841', 'admin', '2015-04-07 11:52:50', 'Menampilkan halaman PR Hadiah', 24269),
('220091100841', 'admin', '2015-04-07 11:53:30', 'Menampilkan halaman PR Hadiah', 24270),
('220091100841', 'admin', '2015-04-07 11:57:07', 'Menampilkan halaman PR Hadiah', 24271),
('220091100841', 'admin', '2015-04-07 11:57:23', 'Menambahkan data Tambah Kategori Mesin', 24272),
('220091100841', 'admin', '2015-04-07 11:57:51', 'Menampilkan halaman PR Hadiah', 24273),
('220091100841', 'admin', '2015-04-07 12:01:18', 'Menampilkan halaman PR Hadiah', 24274),
('220091100841', 'admin', '2015-04-07 12:01:38', 'Menambahkan data Tambah Kategori Mesin', 24275),
('220091100841', 'admin', '2015-04-07 12:02:34', 'Menampilkan halaman PR Hadiah', 24276),
('220091100841', 'admin', '2015-04-07 16:00:47', 'Menampilkan halaman PR Hadiah', 24277),
('220091100841', 'admin', '2015-04-07 16:05:23', 'Menampilkan halaman PR Hadiah', 24278),
('220091100841', 'admin', '2015-04-07 16:05:35', 'Menampilkan halaman PR Hadiah', 24279),
('220091100841', 'admin', '2015-04-07 16:13:18', 'Menampilkan halaman PR Hadiah', 24280),
('220091100841', 'admin', '2015-04-07 16:18:12', 'Menampilkan halaman PR Hadiah', 24281);

-- --------------------------------------------------------

--
-- Table structure for table `zn_mesin_history`
--

CREATE TABLE IF NOT EXISTS `zn_mesin_history` (
`id_mesin_history` int(11) NOT NULL,
  `kd_mesin_history` varchar(50) DEFAULT NULL,
  `tgl_pengiriman` datetime DEFAULT NULL,
  `tgl_penerimaan` datetime DEFAULT NULL,
  `id_penerima` int(3) DEFAULT NULL,
  `id_pengirim` int(3) DEFAULT NULL,
  `tipe_mutasi` enum('purchase','transfer') DEFAULT NULL COMMENT '0 : purchase\n1 : transfer',
  `id_mesin` int(5) NOT NULL
) ENGINE=InnoDB DEFAULT CHARSET=latin1;

-- --------------------------------------------------------

--
-- Table structure for table `zn_mesin_kerusakan`
--

CREATE TABLE IF NOT EXISTS `zn_mesin_kerusakan` (
`id_mesin_rusak` int(11) NOT NULL,
  `kd_mesin_rusak` varchar(50) DEFAULT NULL,
  `id_mesin` int(5) DEFAULT NULL,
  `tgl_mulai` datetime DEFAULT NULL COMMENT 'tanggal mulai perbaikan',
  `tgl_rusak` datetime DEFAULT NULL,
  `tgl_selesai` datetime DEFAULT NULL,
  `status_perbaikan` int(1) DEFAULT NULL COMMENT '0 : perbaikan sendiri oleh teknisi di cabang\n1 : service oleh pusat\n',
  `status` int(1) DEFAULT NULL COMMENT '0 : oke dah beres\n1 : rusak\n2 : inspection\n3 : waiting for spare part',
  `deskripsi` varchar(255) DEFAULT NULL COMMENT 'keterangan kerusakan : \nmisal layar mati, tombol tidak bisa ditekan, dsb'
) ENGINE=InnoDB DEFAULT CHARSET=latin1 COMMENT='mencatat history kerusakan sparepart pada mesin';

-- --------------------------------------------------------

--
-- Table structure for table `zn_mesin_kerusakan_history`
--

CREATE TABLE IF NOT EXISTS `zn_mesin_kerusakan_history` (
`id_rusak_history` int(11) NOT NULL,
  `kd_rusak_history` varchar(50) DEFAULT NULL,
  `tanggal` date DEFAULT NULL,
  `status` varchar(45) DEFAULT NULL COMMENT '0 : done\n1 : rusak\n2 : inspection\n3 : waiting for sparepart',
  `id_mesin_rusak` int(11) DEFAULT NULL,
  `id_pegawai` int(6) DEFAULT NULL
) ENGINE=InnoDB DEFAULT CHARSET=latin1;

-- --------------------------------------------------------

--
-- Table structure for table `zn_mutasi_mesin`
--

CREATE TABLE IF NOT EXISTS `zn_mutasi_mesin` (
  `id_mutasi_mesin` int(6) DEFAULT NULL,
  `id_mesin` int(6) DEFAULT NULL,
  `id_lokasi_asal` int(6) DEFAULT NULL,
  `tanggal` date DEFAULT NULL,
  `id_status_mutasi_mesin` int(3) DEFAULT NULL,
  `id_lokasi_tujuan` int(6) DEFAULT NULL
) ENGINE=MyISAM DEFAULT CHARSET=latin1;

-- --------------------------------------------------------

--
-- Table structure for table `zn_pembelian_hadiah`
--

CREATE TABLE IF NOT EXISTS `zn_pembelian_hadiah` (
`id_pembelian` int(11) NOT NULL,
  `kd_pembelian` varchar(50) DEFAULT NULL,
  `id_cabang` int(3) DEFAULT NULL,
  `id_supplier` int(3) DEFAULT NULL,
  `status` int(1) DEFAULT NULL COMMENT '0 : menunggu supplier\n1 : done\n',
  `status_bayar` int(1) DEFAULT NULL COMMENT '0 : belum lunas\n1 : lunas',
  `tgl_dibuat` datetime DEFAULT NULL,
  `tgl_sampai` datetime DEFAULT NULL COMMENT 'tanggal barang sampai dikirim oleh supplier'
) ENGINE=InnoDB DEFAULT CHARSET=latin1;

-- --------------------------------------------------------

--
-- Table structure for table `zn_pembelian_hadiah_detail`
--

CREATE TABLE IF NOT EXISTS `zn_pembelian_hadiah_detail` (
`id_pembelian_detail` int(11) NOT NULL,
  `kd_pembelian_detail` varchar(50) DEFAULT NULL,
  `id_pembelian` int(11) DEFAULT NULL,
  `id_hadiah` int(5) DEFAULT NULL,
  `jumlah` int(6) DEFAULT NULL,
  `status` int(1) DEFAULT NULL COMMENT 'status barang\n0 : rusak\n1 : ok \n2 : retur\ndsb',
  `harga` bigint(20) DEFAULT NULL
) ENGINE=InnoDB DEFAULT CHARSET=latin1;

-- --------------------------------------------------------

--
-- Table structure for table `zn_pembelian_kartu`
--

CREATE TABLE IF NOT EXISTS `zn_pembelian_kartu` (
`id_pembelian` int(11) NOT NULL,
  `kd_pembelian` varchar(50) DEFAULT NULL,
  `id_cabang` int(3) DEFAULT NULL,
  `id_supplier` int(3) DEFAULT NULL,
  `status` int(1) DEFAULT NULL COMMENT '0 : menunggu supplier\n1 : done\n',
  `status_bayar` int(1) DEFAULT NULL COMMENT '0 : belum lunas\n1 : lunas',
  `tgl_dibuat` datetime DEFAULT NULL,
  `tgl_sampai` datetime DEFAULT NULL COMMENT 'tanggal barang sampai dikirim oleh supplier'
) ENGINE=InnoDB DEFAULT CHARSET=latin1;

-- --------------------------------------------------------

--
-- Table structure for table `zn_pembelian_kartu_detail`
--

CREATE TABLE IF NOT EXISTS `zn_pembelian_kartu_detail` (
`id_pembelian_detail` int(11) NOT NULL,
  `kd_pembelian_detail` varchar(50) DEFAULT NULL,
  `id_pembelian` int(11) DEFAULT NULL,
  `id_kartu` int(5) DEFAULT NULL,
  `jumlah` int(6) DEFAULT NULL,
  `status` int(1) DEFAULT NULL COMMENT 'status barang\n0 : rusak\n1 : ok \n2 : retur\ndsb',
  `harga` bigint(20) DEFAULT NULL
) ENGINE=InnoDB DEFAULT CHARSET=latin1;

-- --------------------------------------------------------

--
-- Table structure for table `zn_pembelian_koin`
--

CREATE TABLE IF NOT EXISTS `zn_pembelian_koin` (
`id_pembelian` int(11) NOT NULL,
  `kd_pembelian` varchar(50) DEFAULT NULL,
  `id_cabang` int(3) DEFAULT NULL,
  `id_supplier` int(3) DEFAULT NULL,
  `status` int(1) DEFAULT NULL COMMENT '0 : menunggu supplier\n1 : done\n',
  `status_bayar` int(1) DEFAULT NULL COMMENT '0 : belum lunas\n1 : lunas',
  `tgl_dibuat` datetime DEFAULT NULL,
  `tgl_sampai` datetime DEFAULT NULL COMMENT 'tanggal barang sampai dikirim oleh supplier'
) ENGINE=InnoDB DEFAULT CHARSET=latin1;

-- --------------------------------------------------------

--
-- Table structure for table `zn_pembelian_koin_detail`
--

CREATE TABLE IF NOT EXISTS `zn_pembelian_koin_detail` (
`id_pembelian_detail` int(11) NOT NULL,
  `kd_pembelian_detail` varchar(50) DEFAULT NULL,
  `id_pembelian` int(11) DEFAULT NULL,
  `id_koin` int(5) DEFAULT NULL,
  `jumlah` int(6) DEFAULT NULL,
  `status` int(1) DEFAULT NULL COMMENT 'status barang\n0 : rusak\n1 : ok \n2 : retur\ndsb',
  `harga` bigint(20) DEFAULT NULL
) ENGINE=InnoDB DEFAULT CHARSET=latin1;

-- --------------------------------------------------------

--
-- Table structure for table `zn_pembelian_mesin`
--

CREATE TABLE IF NOT EXISTS `zn_pembelian_mesin` (
`id_pembelian` int(11) NOT NULL,
  `kd_pembelian` varchar(50) DEFAULT NULL,
  `id_cabang` int(3) DEFAULT NULL,
  `id_supplier` int(3) DEFAULT NULL,
  `status` int(1) DEFAULT NULL COMMENT '0 : menunggu supplier\n1 : done\n',
  `status_bayar` int(1) DEFAULT NULL COMMENT '0 : belum lunas\n1 : lunas',
  `tgl_dibuat` datetime DEFAULT NULL,
  `tgl_sampai` datetime DEFAULT NULL COMMENT 'tanggal barang sampai dikirim oleh supplier'
) ENGINE=InnoDB DEFAULT CHARSET=latin1;

-- --------------------------------------------------------

--
-- Table structure for table `zn_pembelian_mesin_detail`
--

CREATE TABLE IF NOT EXISTS `zn_pembelian_mesin_detail` (
`id_pembelian_detail` int(11) NOT NULL,
  `kd_pembelian_detail` varchar(50) DEFAULT NULL,
  `id_pembelian` int(11) DEFAULT NULL,
  `id_mesin` int(5) DEFAULT NULL,
  `jumlah` int(3) DEFAULT NULL,
  `status` int(1) DEFAULT NULL COMMENT 'status barang\n0 : rusak\n1 : ok \n2 : retur\ndsb',
  `harga` bigint(20) DEFAULT NULL
) ENGINE=InnoDB DEFAULT CHARSET=latin1;

-- --------------------------------------------------------

--
-- Table structure for table `zn_pembelian_sparepart`
--

CREATE TABLE IF NOT EXISTS `zn_pembelian_sparepart` (
`id_pembelian` int(11) NOT NULL,
  `kd_pembelian` varchar(50) DEFAULT NULL,
  `id_cabang` int(3) DEFAULT NULL,
  `id_supplier` int(3) DEFAULT NULL,
  `status` int(1) DEFAULT NULL COMMENT '0 : menunggu supplier\n1 : done\n',
  `status_bayar` int(1) DEFAULT NULL COMMENT '0 : belum lunas\n1 : lunas',
  `tgl_dibuat` datetime DEFAULT NULL,
  `tgl_sampai` datetime DEFAULT NULL COMMENT 'tanggal barang sampai dikirim oleh supplier'
) ENGINE=InnoDB DEFAULT CHARSET=latin1;

-- --------------------------------------------------------

--
-- Table structure for table `zn_pembelian_sparepart_detail`
--

CREATE TABLE IF NOT EXISTS `zn_pembelian_sparepart_detail` (
`id_pembelian_detail` int(11) NOT NULL,
  `kd_pembelian_detail` varchar(50) DEFAULT NULL,
  `id_pembelian` int(11) DEFAULT NULL,
  `id_sparepart` int(5) DEFAULT NULL,
  `jumlah` int(6) DEFAULT NULL,
  `status` int(1) DEFAULT NULL COMMENT 'status barang\n0 : rusak\n1 : ok \n2 : retur\ndsb',
  `harga` bigint(20) DEFAULT NULL
) ENGINE=InnoDB DEFAULT CHARSET=latin1;

-- --------------------------------------------------------

--
-- Table structure for table `zn_pembelian_tiket`
--

CREATE TABLE IF NOT EXISTS `zn_pembelian_tiket` (
`id_pembelian` int(11) NOT NULL,
  `kd_pembelian` varchar(50) DEFAULT NULL,
  `id_cabang` int(3) DEFAULT NULL,
  `id_supplier` int(3) DEFAULT NULL,
  `status` int(1) DEFAULT NULL COMMENT '0 : menunggu supplier\n1 : done\n',
  `status_bayar` int(1) DEFAULT NULL COMMENT '0 : belum lunas\n1 : lunas',
  `tgl_dibuat` datetime DEFAULT NULL,
  `tgl_sampai` datetime DEFAULT NULL COMMENT 'tanggal barang sampai dikirim oleh supplier'
) ENGINE=InnoDB DEFAULT CHARSET=latin1;

-- --------------------------------------------------------

--
-- Table structure for table `zn_pembelian_tiket_detail`
--

CREATE TABLE IF NOT EXISTS `zn_pembelian_tiket_detail` (
`id_pembelian_detail` int(11) NOT NULL,
  `kd_pembelian_detail` varchar(50) DEFAULT NULL,
  `id_pembelian` int(11) DEFAULT NULL,
  `id_tiket` int(2) DEFAULT NULL,
  `jumlah` int(6) DEFAULT NULL,
  `status` int(1) DEFAULT NULL COMMENT 'status barang\n0 : rusak\n1 : ok \n2 : retur\ndsb',
  `harga` bigint(20) DEFAULT NULL
) ENGINE=InnoDB DEFAULT CHARSET=latin1;

-- --------------------------------------------------------

--
-- Table structure for table `zn_po_hadiah`
--

CREATE TABLE IF NOT EXISTS `zn_po_hadiah` (
`id_po` int(11) NOT NULL,
  `kd_po` varchar(250) NOT NULL,
  `nama_po` varchar(250) NOT NULL,
  `id_pengirim` int(6) DEFAULT NULL,
  `id_tujuan` int(6) DEFAULT NULL,
  `status_po` int(1) DEFAULT NULL COMMENT '0 : waiting dikirim\n1 : sudah dikirim\n2 : sudah diterima',
  `tgl_dibuat` datetime DEFAULT NULL COMMENT 'tanggal_dibuat',
  `tgl_dikirim` datetime DEFAULT NULL,
  `tgl_diterima` datetime DEFAULT NULL,
  `id_pr` int(11) DEFAULT NULL
) ENGINE=InnoDB DEFAULT CHARSET=latin1;

-- --------------------------------------------------------

--
-- Table structure for table `zn_po_hadiah_detail`
--

CREATE TABLE IF NOT EXISTS `zn_po_hadiah_detail` (
`id_po_detail` int(11) NOT NULL,
  `id_po` int(11) DEFAULT NULL,
  `id_hadiah` int(6) DEFAULT NULL,
  `jumlah` int(6) DEFAULT NULL,
  `id_pr_detail` int(11) DEFAULT NULL,
  `status` int(1) DEFAULT NULL COMMENT '1 : diterima\n2 : retur\n3 : rusak'
) ENGINE=InnoDB DEFAULT CHARSET=latin1;

-- --------------------------------------------------------

--
-- Table structure for table `zn_po_mesin`
--

CREATE TABLE IF NOT EXISTS `zn_po_mesin` (
`id_po` int(11) NOT NULL,
  `kd_po` varchar(250) NOT NULL,
  `nama_po` varchar(250) NOT NULL,
  `id_pengirim` int(6) DEFAULT NULL,
  `id_tujuan` int(6) DEFAULT NULL,
  `status_po` int(1) DEFAULT NULL COMMENT '0 : waiting dikirim\n1 : sudah dikirim\n2 : sudah diterima',
  `tgl_dibuat` datetime DEFAULT NULL COMMENT 'tanggal_dibuat',
  `tgl_dikirim` datetime DEFAULT NULL,
  `tgl_diterima` datetime DEFAULT NULL,
  `id_pr` int(11) DEFAULT NULL
) ENGINE=InnoDB DEFAULT CHARSET=latin1;

-- --------------------------------------------------------

--
-- Table structure for table `zn_po_mesin_detail`
--

CREATE TABLE IF NOT EXISTS `zn_po_mesin_detail` (
`id_po_detail` int(11) NOT NULL,
  `id_po` int(11) DEFAULT NULL,
  `id_mesin` int(6) DEFAULT NULL,
  `jumlah` int(1) DEFAULT '1',
  `id_pr_detail` int(11) DEFAULT NULL,
  `status` int(1) DEFAULT NULL COMMENT '1 : diterima\n2 : retur\n3 : rusak'
) ENGINE=InnoDB DEFAULT CHARSET=latin1;

-- --------------------------------------------------------

--
-- Table structure for table `zn_po_sparepart`
--

CREATE TABLE IF NOT EXISTS `zn_po_sparepart` (
`id_po` int(11) NOT NULL,
  `kd_po` varchar(250) NOT NULL,
  `nama_po` varchar(250) NOT NULL,
  `id_pengirim` int(6) DEFAULT NULL,
  `id_tujuan` int(6) DEFAULT NULL,
  `status_po` int(1) DEFAULT NULL COMMENT '0 : waiting dikirim\n1 : sudah dikirim\n2 : sudah diterima',
  `tgl_dibuat` datetime DEFAULT NULL COMMENT 'tanggal_dibuat',
  `tgl_dikirim` datetime DEFAULT NULL,
  `tgl_diterima` datetime DEFAULT NULL,
  `id_pr` int(11) DEFAULT NULL
) ENGINE=InnoDB DEFAULT CHARSET=latin1;

-- --------------------------------------------------------

--
-- Table structure for table `zn_po_sparepart_detail`
--

CREATE TABLE IF NOT EXISTS `zn_po_sparepart_detail` (
`id_po_detail` int(11) NOT NULL,
  `id_po` int(11) DEFAULT NULL,
  `id_sparepart` int(6) DEFAULT NULL,
  `jumlah` int(6) DEFAULT NULL,
  `id_pr_detail` int(11) DEFAULT NULL,
  `status` int(1) DEFAULT NULL COMMENT '1 : diterima\n2 : retur\n3 : rusak'
) ENGINE=InnoDB DEFAULT CHARSET=latin1;

-- --------------------------------------------------------

--
-- Table structure for table `zn_pr_hadiah`
--

CREATE TABLE IF NOT EXISTS `zn_pr_hadiah` (
`id_pr` int(11) NOT NULL,
  `kd_pr` varchar(50) DEFAULT NULL,
  `nama_pr` varchar(250) DEFAULT NULL,
  `status_pr` int(2) DEFAULT NULL COMMENT '0 : waiting aproval\n1 : disetujui\n2 : revisi\n3 : ditolak\n4 : draft',
  `id_pengirim` int(6) DEFAULT NULL COMMENT 'cabang yang meminta PR',
  `id_tujuan` int(6) DEFAULT NULL COMMENT 'id store pusat yang dituju',
  `keterangan` text,
  `tgl_dibuat` timestamp NULL DEFAULT CURRENT_TIMESTAMP COMMENT 'tanggal PR ini dibuat',
  `tgl_diajukan` datetime DEFAULT NULL,
  `tgl_disetujui` datetime DEFAULT NULL,
  `tgl_ditolak` datetime DEFAULT NULL
) ENGINE=InnoDB AUTO_INCREMENT=4 DEFAULT CHARSET=latin1;

--
-- Dumping data for table `zn_pr_hadiah`
--

INSERT INTO `zn_pr_hadiah` (`id_pr`, `kd_pr`, `nama_pr`, `status_pr`, `id_pengirim`, `id_tujuan`, `keterangan`, `tgl_dibuat`, `tgl_diajukan`, `tgl_disetujui`, `tgl_ditolak`) VALUES
(3, 'asd', NULL, NULL, NULL, NULL, 'asdasd', '2015-04-07 12:01:38', NULL, NULL, NULL);

-- --------------------------------------------------------

--
-- Table structure for table `zn_pr_hadiah_detail`
--

CREATE TABLE IF NOT EXISTS `zn_pr_hadiah_detail` (
`id_pr_detail` int(11) NOT NULL,
  `id_pr` int(11) DEFAULT NULL,
  `id_hadiah` int(6) DEFAULT NULL,
  `jumlah` int(6) DEFAULT NULL,
  `keterangan` varchar(45) DEFAULT NULL
) ENGINE=InnoDB DEFAULT CHARSET=latin1;

-- --------------------------------------------------------

--
-- Table structure for table `zn_pr_hadiah_history`
--

CREATE TABLE IF NOT EXISTS `zn_pr_hadiah_history` (
`id_pr_history` int(11) NOT NULL,
  `tanggal` varchar(45) DEFAULT NULL,
  `status` int(1) DEFAULT NULL COMMENT '0 : dibuat \n1 : diterima\n2 : revisi',
  `id_pegawai` int(11) DEFAULT NULL,
  `id_pr` int(11) DEFAULT NULL
) ENGINE=InnoDB DEFAULT CHARSET=latin1;

-- --------------------------------------------------------

--
-- Table structure for table `zn_pr_hadiah_history_detail`
--

CREATE TABLE IF NOT EXISTS `zn_pr_hadiah_history_detail` (
`id_pr_history_detail` int(11) NOT NULL,
  `id_pr_history` int(11) DEFAULT NULL,
  `id_hadiah` int(6) DEFAULT NULL,
  `jumlah` int(5) DEFAULT NULL,
  `keterangan` varchar(45) DEFAULT NULL
) ENGINE=InnoDB DEFAULT CHARSET=latin1;

-- --------------------------------------------------------

--
-- Table structure for table `zn_pr_mesin`
--

CREATE TABLE IF NOT EXISTS `zn_pr_mesin` (
`id_pr` int(11) NOT NULL,
  `kd_pr` varchar(50) DEFAULT NULL,
  `nama_pr` varchar(250) DEFAULT NULL,
  `status_pr` int(2) DEFAULT NULL COMMENT '0 : waiting aproval\n1 : disetujui\n2 : revisi\n3 : ditolak',
  `id_pengirim` int(6) DEFAULT NULL COMMENT 'cabang yang meminta PR',
  `id_tujuan` int(6) DEFAULT NULL COMMENT 'id store pusat yang dituju',
  `keterangan` text,
  `tgl_dibuat` datetime DEFAULT NULL COMMENT 'tanggal PR ini dibuat',
  `tgl_disetujui` datetime DEFAULT NULL,
  `tgl_ditolak` datetime DEFAULT NULL
) ENGINE=InnoDB DEFAULT CHARSET=latin1;

-- --------------------------------------------------------

--
-- Table structure for table `zn_pr_mesin_detail`
--

CREATE TABLE IF NOT EXISTS `zn_pr_mesin_detail` (
`id_pr_detail` int(11) NOT NULL,
  `id_pr` int(11) DEFAULT NULL,
  `id_jenis_mesin` int(6) DEFAULT NULL,
  `jumlah` int(6) DEFAULT NULL,
  `keterangan` varchar(45) DEFAULT NULL
) ENGINE=InnoDB DEFAULT CHARSET=latin1;

-- --------------------------------------------------------

--
-- Table structure for table `zn_pr_mesin_history`
--

CREATE TABLE IF NOT EXISTS `zn_pr_mesin_history` (
`id_pr_history` int(11) NOT NULL,
  `tanggal` varchar(45) DEFAULT NULL,
  `status` int(1) DEFAULT NULL COMMENT '0 : dibuat \n1 : diterima\n2 : revisi',
  `id_pegawai` int(11) DEFAULT NULL,
  `id_pr` int(11) DEFAULT NULL
) ENGINE=InnoDB DEFAULT CHARSET=latin1;

-- --------------------------------------------------------

--
-- Table structure for table `zn_pr_mesin_history_detail`
--

CREATE TABLE IF NOT EXISTS `zn_pr_mesin_history_detail` (
`id_pr_history_detail` int(11) NOT NULL,
  `id_pr_history` int(11) DEFAULT NULL,
  `id_jenis_mesin` int(6) DEFAULT NULL,
  `jumlah` int(5) DEFAULT NULL,
  `keterangan` varchar(45) DEFAULT NULL
) ENGINE=InnoDB DEFAULT CHARSET=latin1;

-- --------------------------------------------------------

--
-- Table structure for table `zn_pr_sparepart`
--

CREATE TABLE IF NOT EXISTS `zn_pr_sparepart` (
`id_pr` int(11) NOT NULL,
  `kd_pr` varchar(50) DEFAULT NULL,
  `nama_pr` varchar(250) DEFAULT NULL,
  `status_pr` int(2) DEFAULT NULL COMMENT '0 : waiting aproval\n1 : disetujui\n2 : revisi\n3 : ditolak',
  `id_pengirim` int(6) DEFAULT NULL COMMENT 'cabang yang meminta PR',
  `id_tujuan` int(6) DEFAULT NULL COMMENT 'id store pusat yang dituju',
  `keterangan` text,
  `tgl_dibuat` datetime DEFAULT NULL COMMENT 'tanggal PR ini dibuat',
  `tgl_disetujui` datetime DEFAULT NULL,
  `tgl_ditolak` datetime DEFAULT NULL,
  `id_mesin_rusak` int(11) DEFAULT NULL
) ENGINE=InnoDB DEFAULT CHARSET=latin1;

-- --------------------------------------------------------

--
-- Table structure for table `zn_pr_sparepart_detail`
--

CREATE TABLE IF NOT EXISTS `zn_pr_sparepart_detail` (
`id_pr_detail` int(11) NOT NULL,
  `id_pr` int(11) DEFAULT NULL,
  `id_sparepart` int(6) DEFAULT NULL,
  `jumlah` int(6) DEFAULT NULL,
  `keterangan` varchar(45) DEFAULT NULL
) ENGINE=InnoDB DEFAULT CHARSET=latin1;

-- --------------------------------------------------------

--
-- Table structure for table `zn_pr_sparepart_history`
--

CREATE TABLE IF NOT EXISTS `zn_pr_sparepart_history` (
`id_pr_history` int(11) NOT NULL,
  `tanggal` varchar(45) DEFAULT NULL,
  `status` int(1) DEFAULT NULL COMMENT '0 : dibuat \n1 : diterima\n2 : revisi',
  `id_pegawai` int(11) DEFAULT NULL,
  `id_pr` int(11) DEFAULT NULL
) ENGINE=InnoDB DEFAULT CHARSET=latin1;

-- --------------------------------------------------------

--
-- Table structure for table `zn_pr_sparepart_history_detail`
--

CREATE TABLE IF NOT EXISTS `zn_pr_sparepart_history_detail` (
`id_pr_history_detail` int(11) NOT NULL,
  `id_pr_history` int(11) DEFAULT NULL,
  `id_sparepart` int(6) DEFAULT NULL,
  `jumlah` int(5) DEFAULT NULL,
  `keterangan` varchar(45) DEFAULT NULL
) ENGINE=InnoDB DEFAULT CHARSET=latin1;

-- --------------------------------------------------------

--
-- Table structure for table `zn_rusak_sparepart`
--

CREATE TABLE IF NOT EXISTS `zn_rusak_sparepart` (
`id_rusak_sparepart` int(11) NOT NULL,
  `kd_rusak_sparepart` varchar(50) DEFAULT NULL,
  `id_mesin_rusak` int(11) DEFAULT NULL,
  `id_sparepart` int(6) DEFAULT NULL
) ENGINE=InnoDB DEFAULT CHARSET=latin1;

-- --------------------------------------------------------

--
-- Table structure for table `zn_service`
--

CREATE TABLE IF NOT EXISTS `zn_service` (
`id_service` int(11) NOT NULL,
  `id_mesin_rusak` int(11) DEFAULT NULL,
  `status` int(1) DEFAULT NULL COMMENT '0 : waiting to confim\n1 : diterima',
  `tgl_dibuat` datetime DEFAULT NULL,
  `tgl_diterima` datetime DEFAULT NULL,
  `id_pegawai` int(6) DEFAULT NULL COMMENT 'pegawai yang ditugaskan untuk melakukan service\njika sudah keluar order nya'
) ENGINE=InnoDB DEFAULT CHARSET=latin1;

-- --------------------------------------------------------

--
-- Table structure for table `zn_sparepart_keluar`
--

CREATE TABLE IF NOT EXISTS `zn_sparepart_keluar` (
`id_sparepart_masuk` int(9) NOT NULL,
  `id_lokasi` int(3) DEFAULT NULL,
  `id_sparepart` int(3) DEFAULT NULL,
  `jumlah` int(10) DEFAULT NULL,
  `tgl` date DEFAULT NULL,
  `keterangan` text,
  `id_service` int(6) DEFAULT NULL
) ENGINE=MyISAM DEFAULT CHARSET=latin1;

-- --------------------------------------------------------

--
-- Table structure for table `zn_transaksi_mesin`
--

CREATE TABLE IF NOT EXISTS `zn_transaksi_mesin` (
`id_transaksi_mesin` int(20) NOT NULL,
  `id_mesin` int(6) DEFAULT NULL,
  `id_lokasi` int(6) DEFAULT NULL,
  `jumlah_swap` int(4) DEFAULT NULL,
  `jumlah_tiket` int(8) DEFAULT NULL,
  `tanggal` date DEFAULT NULL,
  `nilai_swap` int(8) DEFAULT NULL,
  `jumlah_coin` int(8) DEFAULT NULL
) ENGINE=MyISAM DEFAULT CHARSET=latin1;

--
-- Indexes for dumped tables
--

--
-- Indexes for table `m_area`
--
ALTER TABLE `m_area`
 ADD PRIMARY KEY (`id_area`), ADD KEY `fk_area_kota_idx` (`id_kota`), ADD KEY `fk_area_pegawai_idx` (`id_ka_area`);

--
-- Indexes for table `m_cabang`
--
ALTER TABLE `m_cabang`
 ADD PRIMARY KEY (`id_cabang`), ADD KEY `fk_cabang_area_idx` (`id_area`), ADD KEY `fk_cabang_owner_idx` (`id_owner`);

--
-- Indexes for table `m_cabang_setting`
--
ALTER TABLE `m_cabang_setting`
 ADD PRIMARY KEY (`id`), ADD KEY `fk_cabang_setting_cabang_idx` (`id_cabang`);

--
-- Indexes for table `m_grup`
--
ALTER TABLE `m_grup`
 ADD PRIMARY KEY (`grup_id`), ADD UNIQUE KEY `grup_id` (`grup_id`);

--
-- Indexes for table `m_grup_menu`
--
ALTER TABLE `m_grup_menu`
 ADD PRIMARY KEY (`kd_grup_menu`), ADD UNIQUE KEY `kd_grup_menu` (`kd_grup_menu`);

--
-- Indexes for table `m_hadiah`
--
ALTER TABLE `m_hadiah`
 ADD PRIMARY KEY (`id_hadiah`);

--
-- Indexes for table `m_jabatan`
--
ALTER TABLE `m_jabatan`
 ADD PRIMARY KEY (`id_jabatan`);

--
-- Indexes for table `m_jenis_mesin`
--
ALTER TABLE `m_jenis_mesin`
 ADD PRIMARY KEY (`id_jenis_mesin`), ADD KEY `fk_jenis_mesin_kelas_idx` (`id_kelas`), ADD KEY `fk_jenis_mesin_kategori_idx` (`id_kategori_mesin`);

--
-- Indexes for table `m_kartu`
--
ALTER TABLE `m_kartu`
 ADD PRIMARY KEY (`id_kartu`), ADD KEY `fk_kartu_cabang_idx` (`id_cabang`), ADD KEY `fk_kartu_kategori_katu_idx` (`id_kategori_kartu`);

--
-- Indexes for table `m_kategori_kartu`
--
ALTER TABLE `m_kategori_kartu`
 ADD PRIMARY KEY (`id_kategori_kartu`);

--
-- Indexes for table `m_kategori_mesin`
--
ALTER TABLE `m_kategori_mesin`
 ADD PRIMARY KEY (`id_kategori_mesin`);

--
-- Indexes for table `m_kelas`
--
ALTER TABLE `m_kelas`
 ADD PRIMARY KEY (`id_kelas`);

--
-- Indexes for table `m_koin`
--
ALTER TABLE `m_koin`
 ADD PRIMARY KEY (`id_koin`);

--
-- Indexes for table `m_kota`
--
ALTER TABLE `m_kota`
 ADD PRIMARY KEY (`id_kota`), ADD KEY `fk_kota_provinsi_idx` (`id_provinsi`);

--
-- Indexes for table `m_level`
--
ALTER TABLE `m_level`
 ADD PRIMARY KEY (`id_level`);

--
-- Indexes for table `m_menu`
--
ALTER TABLE `m_menu`
 ADD PRIMARY KEY (`kd_menu`), ADD KEY `fk_menu_group_menu_idx` (`kd_grup_menu`);

--
-- Indexes for table `m_mesin`
--
ALTER TABLE `m_mesin`
 ADD PRIMARY KEY (`id_mesin`), ADD KEY `fk_mesin_jenis_mesin_idx` (`id_jenis_mesin`), ADD KEY `fk_mesin_supplier_idx` (`id_supplier`), ADD KEY `fk_mesin_cabang_idx` (`id_cabang`), ADD KEY `fk_mesin_koin_idx` (`id_koin`), ADD KEY `fk_mesin_owner_idx` (`id_owner`);

--
-- Indexes for table `m_negara`
--
ALTER TABLE `m_negara`
 ADD PRIMARY KEY (`id_negara`), ADD UNIQUE KEY `nama_negara` (`nama_negara`);

--
-- Indexes for table `m_owner`
--
ALTER TABLE `m_owner`
 ADD PRIMARY KEY (`id_owner`);

--
-- Indexes for table `m_pegawai`
--
ALTER TABLE `m_pegawai`
 ADD PRIMARY KEY (`id_pegawai`), ADD KEY `fk_pegawai_user_idx` (`user_id`), ADD KEY `fk_pegawai_jabatan_idx` (`id_jabatan`);

--
-- Indexes for table `m_provinsi`
--
ALTER TABLE `m_provinsi`
 ADD PRIMARY KEY (`id_provinsi`), ADD KEY `fk_provinsi_pulau_idx` (`id_pulau`);

--
-- Indexes for table `m_pulau`
--
ALTER TABLE `m_pulau`
 ADD PRIMARY KEY (`id_pulau`), ADD KEY `fk_pulau_negara_idx` (`id_negara`);

--
-- Indexes for table `m_roles`
--
ALTER TABLE `m_roles`
 ADD PRIMARY KEY (`roles_id`), ADD UNIQUE KEY `roles_id` (`roles_id`), ADD KEY `fk_roles_group_idx` (`grup_id`);

--
-- Indexes for table `m_setting_hadiah`
--
ALTER TABLE `m_setting_hadiah`
 ADD PRIMARY KEY (`id_setting_hadiah`);

--
-- Indexes for table `m_sparepart`
--
ALTER TABLE `m_sparepart`
 ADD PRIMARY KEY (`id_sparepart`);

--
-- Indexes for table `m_stok_hadiah`
--
ALTER TABLE `m_stok_hadiah`
 ADD PRIMARY KEY (`id_stok_hadiah`), ADD KEY `fk_stok_hadiah_hadiah_idx` (`id_hadiah`), ADD KEY `fk_stok_hadiah_cabang_idx` (`id_cabang`);

--
-- Indexes for table `m_stok_kartu`
--
ALTER TABLE `m_stok_kartu`
 ADD PRIMARY KEY (`id_stok_hadiah`), ADD KEY `fk_stok_kartu_cabang_idx` (`id_cabang`), ADD KEY `fk_stok_kartu_kartu_idx` (`id_kartu`);

--
-- Indexes for table `m_stok_koin`
--
ALTER TABLE `m_stok_koin`
 ADD PRIMARY KEY (`id_stok_hadiah`), ADD KEY `fk_stok_hadiah_cabang_idx` (`id_cabang`), ADD KEY `fk_stok_koin_koin_idx` (`id_koin`);

--
-- Indexes for table `m_stok_sparepart`
--
ALTER TABLE `m_stok_sparepart`
 ADD PRIMARY KEY (`id_stok_sparepart`), ADD KEY `fk_stok_hadiah_cabang_idx` (`id_cabang`), ADD KEY `fk_stok_sparepart_sparepart_idx` (`id_sparepart`);

--
-- Indexes for table `m_stok_tiket`
--
ALTER TABLE `m_stok_tiket`
 ADD PRIMARY KEY (`id_stok_tiket`), ADD KEY `fk_stok_hadiah_cabang_idx` (`id_cabang`), ADD KEY `fk_stok_tiket_tiket_idx` (`id_tiket`);

--
-- Indexes for table `m_supplier`
--
ALTER TABLE `m_supplier`
 ADD PRIMARY KEY (`id_supplier`);

--
-- Indexes for table `m_tiket`
--
ALTER TABLE `m_tiket`
 ADD PRIMARY KEY (`id_tiket`);

--
-- Indexes for table `m_user`
--
ALTER TABLE `m_user`
 ADD PRIMARY KEY (`user_id`), ADD UNIQUE KEY `user_id_UNIQUE` (`user_id`), ADD KEY `grup` (`grup_id`), ADD KEY `pegawai` (`nik`);

--
-- Indexes for table `zn_ci_sessions`
--
ALTER TABLE `zn_ci_sessions`
 ADD PRIMARY KEY (`session_id`);

--
-- Indexes for table `zn_hadiah_keluar`
--
ALTER TABLE `zn_hadiah_keluar`
 ADD PRIMARY KEY (`id_hadiah_keluar`);

--
-- Indexes for table `zn_kartu_penjualan`
--
ALTER TABLE `zn_kartu_penjualan`
 ADD PRIMARY KEY (`id_kartu_penjualan`), ADD KEY `fk_kartu_penjualan_cabang_idx` (`id_cabang`), ADD KEY `fk_kartu_penjualan_kartu_idx` (`id_kartu`), ADD KEY `fk_kartu_penjualan_pegawai_idx` (`id_pegawai`);

--
-- Indexes for table `zn_kartu_topup`
--
ALTER TABLE `zn_kartu_topup`
 ADD PRIMARY KEY (`id_kartu_topup`), ADD KEY `fk_kartu_toptup_kartu_idx` (`id_kartu`), ADD KEY `fk_kartu_topup_cabang_idx` (`id_cabang`), ADD KEY `fk_kartu_topup_pegawai_idx` (`id_pegawai`);

--
-- Indexes for table `zn_log`
--
ALTER TABLE `zn_log`
 ADD UNIQUE KEY `id` (`id`);

--
-- Indexes for table `zn_mesin_history`
--
ALTER TABLE `zn_mesin_history`
 ADD PRIMARY KEY (`id_mesin_history`), ADD KEY `fk_mesin_history_cabang_pengirim_idx` (`id_pengirim`), ADD KEY `fk_mesin_history_cabang_penerima_idx` (`id_penerima`), ADD KEY `fk_mesin_history_mesin_idx` (`id_mesin`);

--
-- Indexes for table `zn_mesin_kerusakan`
--
ALTER TABLE `zn_mesin_kerusakan`
 ADD PRIMARY KEY (`id_mesin_rusak`), ADD KEY `fk_mesin_kerusakan_mesin_idx` (`id_mesin`);

--
-- Indexes for table `zn_mesin_kerusakan_history`
--
ALTER TABLE `zn_mesin_kerusakan_history`
 ADD PRIMARY KEY (`id_rusak_history`), ADD KEY `fk_mesin_kerusakan_history_mesin_kerusakan_idx` (`id_mesin_rusak`), ADD KEY `fk_mesin_kerusakan_history_pegawai_idx` (`id_pegawai`);

--
-- Indexes for table `zn_pembelian_hadiah`
--
ALTER TABLE `zn_pembelian_hadiah`
 ADD PRIMARY KEY (`id_pembelian`), ADD KEY `fk_pembelian_mesin_cabang_idx` (`id_cabang`), ADD KEY `fk_pembelian_mesin_supplier_idx` (`id_supplier`);

--
-- Indexes for table `zn_pembelian_hadiah_detail`
--
ALTER TABLE `zn_pembelian_hadiah_detail`
 ADD PRIMARY KEY (`id_pembelian_detail`), ADD KEY `fk_pembelian_mesin_detail_idx` (`id_pembelian`), ADD KEY `fk_pembelian_hadiah_detail_hadiah_idx` (`id_hadiah`);

--
-- Indexes for table `zn_pembelian_kartu`
--
ALTER TABLE `zn_pembelian_kartu`
 ADD PRIMARY KEY (`id_pembelian`), ADD KEY `fk_pembelian_mesin_cabang_idx` (`id_cabang`), ADD KEY `fk_pembelian_mesin_supplier_idx` (`id_supplier`);

--
-- Indexes for table `zn_pembelian_kartu_detail`
--
ALTER TABLE `zn_pembelian_kartu_detail`
 ADD PRIMARY KEY (`id_pembelian_detail`), ADD KEY `fk_pembelian_mesin_detail_idx` (`id_pembelian`), ADD KEY `fk_pembelian_kartu_detail_kartu_idx` (`id_kartu`);

--
-- Indexes for table `zn_pembelian_koin`
--
ALTER TABLE `zn_pembelian_koin`
 ADD PRIMARY KEY (`id_pembelian`), ADD KEY `fk_pembelian_mesin_cabang_idx` (`id_cabang`), ADD KEY `fk_pembelian_mesin_supplier_idx` (`id_supplier`);

--
-- Indexes for table `zn_pembelian_koin_detail`
--
ALTER TABLE `zn_pembelian_koin_detail`
 ADD PRIMARY KEY (`id_pembelian_detail`), ADD KEY `fk_pembelian_mesin_detail_idx` (`id_pembelian`), ADD KEY `fk_pembelian_koin_detail_koin_idx` (`id_koin`);

--
-- Indexes for table `zn_pembelian_mesin`
--
ALTER TABLE `zn_pembelian_mesin`
 ADD PRIMARY KEY (`id_pembelian`), ADD KEY `fk_pembelian_mesin_cabang_idx` (`id_cabang`), ADD KEY `fk_pembelian_mesin_supplier_idx` (`id_supplier`);

--
-- Indexes for table `zn_pembelian_mesin_detail`
--
ALTER TABLE `zn_pembelian_mesin_detail`
 ADD PRIMARY KEY (`id_pembelian_detail`), ADD KEY `fk_pembelian_mesin_detail_idx` (`id_pembelian`), ADD KEY `fk_pembelian_mesin_detail_mesin_idx` (`id_mesin`);

--
-- Indexes for table `zn_pembelian_sparepart`
--
ALTER TABLE `zn_pembelian_sparepart`
 ADD PRIMARY KEY (`id_pembelian`), ADD KEY `fk_pembelian_mesin_cabang_idx` (`id_cabang`), ADD KEY `fk_pembelian_mesin_supplier_idx` (`id_supplier`);

--
-- Indexes for table `zn_pembelian_sparepart_detail`
--
ALTER TABLE `zn_pembelian_sparepart_detail`
 ADD PRIMARY KEY (`id_pembelian_detail`), ADD KEY `fk_pembelian_mesin_detail_idx` (`id_pembelian`), ADD KEY `fk_pembelian_sparepart_detail_sparepart_idx` (`id_sparepart`);

--
-- Indexes for table `zn_pembelian_tiket`
--
ALTER TABLE `zn_pembelian_tiket`
 ADD PRIMARY KEY (`id_pembelian`), ADD KEY `fk_pembelian_mesin_cabang_idx` (`id_cabang`), ADD KEY `fk_pembelian_mesin_supplier_idx` (`id_supplier`);

--
-- Indexes for table `zn_pembelian_tiket_detail`
--
ALTER TABLE `zn_pembelian_tiket_detail`
 ADD PRIMARY KEY (`id_pembelian_detail`), ADD KEY `fk_pembelian_mesin_detail_idx` (`id_pembelian`), ADD KEY `fk_pembelian_tiket_detail_tiket_idx` (`id_tiket`);

--
-- Indexes for table `zn_po_hadiah`
--
ALTER TABLE `zn_po_hadiah`
 ADD PRIMARY KEY (`id_po`), ADD KEY `fk_po_hadiah_pr_idx` (`id_pr`), ADD KEY `fk_po_hadiah_pengirim_idx` (`id_pengirim`), ADD KEY `fk_po_hadiah_tujuan_idx` (`id_tujuan`);

--
-- Indexes for table `zn_po_hadiah_detail`
--
ALTER TABLE `zn_po_hadiah_detail`
 ADD PRIMARY KEY (`id_po_detail`), ADD KEY `fk_po_hadiah_detail_idx` (`id_po`), ADD KEY `fk_po_hadiah_detail_hadiah_idx` (`id_hadiah`), ADD KEY `fk_po_hadiah_detail_pr_detail_idx` (`id_pr_detail`);

--
-- Indexes for table `zn_po_mesin`
--
ALTER TABLE `zn_po_mesin`
 ADD PRIMARY KEY (`id_po`), ADD KEY `fk_po_hadiah_pengirim_idx` (`id_pengirim`), ADD KEY `fk_po_hadiah_tujuan_idx` (`id_tujuan`), ADD KEY `fk_po_mesin_pr_idx` (`id_pr`);

--
-- Indexes for table `zn_po_mesin_detail`
--
ALTER TABLE `zn_po_mesin_detail`
 ADD PRIMARY KEY (`id_po_detail`), ADD KEY `fk_po_hadiah_detail_idx` (`id_po`), ADD KEY `fk_po_mesin_detail_pr_detail_idx` (`id_pr_detail`), ADD KEY `fk_po_mesin_detail_mesin_idx` (`id_mesin`);

--
-- Indexes for table `zn_po_sparepart`
--
ALTER TABLE `zn_po_sparepart`
 ADD PRIMARY KEY (`id_po`), ADD KEY `fk_po_hadiah_pr_idx` (`id_pr`), ADD KEY `fk_po_hadiah_pengirim_idx` (`id_pengirim`), ADD KEY `fk_po_hadiah_tujuan_idx` (`id_tujuan`);

--
-- Indexes for table `zn_po_sparepart_detail`
--
ALTER TABLE `zn_po_sparepart_detail`
 ADD PRIMARY KEY (`id_po_detail`), ADD KEY `fk_po_hadiah_detail_idx` (`id_po`), ADD KEY `fk_po_hadiah_detail_pr_detail_idx` (`id_pr_detail`), ADD KEY `fk_po_sparepart_detail_sparepart_idx` (`id_sparepart`);

--
-- Indexes for table `zn_pr_hadiah`
--
ALTER TABLE `zn_pr_hadiah`
 ADD PRIMARY KEY (`id_pr`), ADD KEY `fk_pr_hadiah_pengirim_idx` (`id_pengirim`), ADD KEY `fk_pr_hadiah_penerima_idx` (`id_tujuan`);

--
-- Indexes for table `zn_pr_hadiah_detail`
--
ALTER TABLE `zn_pr_hadiah_detail`
 ADD PRIMARY KEY (`id_pr_detail`), ADD KEY `fk_fr_hadiah_detail_idx` (`id_pr`), ADD KEY `fk_fr_hadiah_hadiah_idx` (`id_hadiah`);

--
-- Indexes for table `zn_pr_hadiah_history`
--
ALTER TABLE `zn_pr_hadiah_history`
 ADD PRIMARY KEY (`id_pr_history`), ADD KEY `fk_pr_hadiah_history_idx` (`id_pr`), ADD KEY `fk_pr_hadiah_history_pegawai_idx` (`id_pegawai`);

--
-- Indexes for table `zn_pr_hadiah_history_detail`
--
ALTER TABLE `zn_pr_hadiah_history_detail`
 ADD PRIMARY KEY (`id_pr_history_detail`), ADD KEY `fk_pr_hadiah_history_detail_idx` (`id_pr_history`), ADD KEY `fk_pr_hadiah_history_detail_hadiah_idx` (`id_hadiah`);

--
-- Indexes for table `zn_pr_mesin`
--
ALTER TABLE `zn_pr_mesin`
 ADD PRIMARY KEY (`id_pr`), ADD KEY `fk_pr_hadiah_pengirim_idx` (`id_pengirim`), ADD KEY `fk_pr_hadiah_penerima_idx` (`id_tujuan`);

--
-- Indexes for table `zn_pr_mesin_detail`
--
ALTER TABLE `zn_pr_mesin_detail`
 ADD PRIMARY KEY (`id_pr_detail`), ADD KEY `fk_fr_mesin_detail_idx` (`id_pr`), ADD KEY `fk_fr_mesin_jenis_mesin_idx` (`id_jenis_mesin`);

--
-- Indexes for table `zn_pr_mesin_history`
--
ALTER TABLE `zn_pr_mesin_history`
 ADD PRIMARY KEY (`id_pr_history`), ADD KEY `fk_pr_hadiah_history_pegawai_idx` (`id_pegawai`), ADD KEY `fk_pr_mesin_history_idx` (`id_pr`);

--
-- Indexes for table `zn_pr_mesin_history_detail`
--
ALTER TABLE `zn_pr_mesin_history_detail`
 ADD PRIMARY KEY (`id_pr_history_detail`), ADD KEY `fk_pr_hadiah_history_detail_idx` (`id_pr_history`), ADD KEY `fk_pr_mesin_history_detail_jenis_mein_idx` (`id_jenis_mesin`);

--
-- Indexes for table `zn_pr_sparepart`
--
ALTER TABLE `zn_pr_sparepart`
 ADD PRIMARY KEY (`id_pr`), ADD KEY `fk_pr_hadiah_pengirim_idx` (`id_pengirim`), ADD KEY `fk_pr_hadiah_penerima_idx` (`id_tujuan`), ADD KEY `fk_pr_sparepart_mesin_kerusakan_idx` (`id_mesin_rusak`);

--
-- Indexes for table `zn_pr_sparepart_detail`
--
ALTER TABLE `zn_pr_sparepart_detail`
 ADD PRIMARY KEY (`id_pr_detail`), ADD KEY `fk_fr_hadiah_detail_idx` (`id_pr`), ADD KEY `fk_fr_sparepart_sparepart_idx` (`id_sparepart`);

--
-- Indexes for table `zn_pr_sparepart_history`
--
ALTER TABLE `zn_pr_sparepart_history`
 ADD PRIMARY KEY (`id_pr_history`), ADD KEY `fk_pr_hadiah_history_idx` (`id_pr`), ADD KEY `fk_pr_hadiah_history_pegawai_idx` (`id_pegawai`);

--
-- Indexes for table `zn_pr_sparepart_history_detail`
--
ALTER TABLE `zn_pr_sparepart_history_detail`
 ADD PRIMARY KEY (`id_pr_history_detail`), ADD KEY `fk_pr_hadiah_history_detail_idx` (`id_pr_history`), ADD KEY `fk_pr_sparepart_history_detail_sparepart_idx` (`id_sparepart`);

--
-- Indexes for table `zn_rusak_sparepart`
--
ALTER TABLE `zn_rusak_sparepart`
 ADD PRIMARY KEY (`id_rusak_sparepart`), ADD KEY `fk_rusak_mesin_rusak_idx` (`id_mesin_rusak`), ADD KEY `fk_rusak_sparepart_sparepart_idx` (`id_sparepart`);

--
-- Indexes for table `zn_service`
--
ALTER TABLE `zn_service`
 ADD PRIMARY KEY (`id_service`), ADD KEY `fk_service_mesin_rusak_idx` (`id_mesin_rusak`);

--
-- Indexes for table `zn_sparepart_keluar`
--
ALTER TABLE `zn_sparepart_keluar`
 ADD PRIMARY KEY (`id_sparepart_masuk`);

--
-- Indexes for table `zn_transaksi_mesin`
--
ALTER TABLE `zn_transaksi_mesin`
 ADD PRIMARY KEY (`id_transaksi_mesin`);

--
-- AUTO_INCREMENT for dumped tables
--

--
-- AUTO_INCREMENT for table `m_area`
--
ALTER TABLE `m_area`
MODIFY `id_area` int(3) NOT NULL AUTO_INCREMENT,AUTO_INCREMENT=3;
--
-- AUTO_INCREMENT for table `m_cabang`
--
ALTER TABLE `m_cabang`
MODIFY `id_cabang` int(3) NOT NULL AUTO_INCREMENT,AUTO_INCREMENT=11;
--
-- AUTO_INCREMENT for table `m_cabang_setting`
--
ALTER TABLE `m_cabang_setting`
MODIFY `id` int(11) NOT NULL AUTO_INCREMENT,AUTO_INCREMENT=10;
--
-- AUTO_INCREMENT for table `m_grup`
--
ALTER TABLE `m_grup`
MODIFY `grup_id` int(10) unsigned NOT NULL AUTO_INCREMENT,AUTO_INCREMENT=20;
--
-- AUTO_INCREMENT for table `m_hadiah`
--
ALTER TABLE `m_hadiah`
MODIFY `id_hadiah` int(4) NOT NULL AUTO_INCREMENT,AUTO_INCREMENT=3;
--
-- AUTO_INCREMENT for table `m_jabatan`
--
ALTER TABLE `m_jabatan`
MODIFY `id_jabatan` int(4) NOT NULL AUTO_INCREMENT,AUTO_INCREMENT=2;
--
-- AUTO_INCREMENT for table `m_kategori_kartu`
--
ALTER TABLE `m_kategori_kartu`
MODIFY `id_kategori_kartu` int(3) NOT NULL AUTO_INCREMENT,AUTO_INCREMENT=2;
--
-- AUTO_INCREMENT for table `m_kategori_mesin`
--
ALTER TABLE `m_kategori_mesin`
MODIFY `id_kategori_mesin` int(3) NOT NULL AUTO_INCREMENT,AUTO_INCREMENT=10;
--
-- AUTO_INCREMENT for table `m_kelas`
--
ALTER TABLE `m_kelas`
MODIFY `id_kelas` int(3) NOT NULL AUTO_INCREMENT,AUTO_INCREMENT=6;
--
-- AUTO_INCREMENT for table `m_koin`
--
ALTER TABLE `m_koin`
MODIFY `id_koin` int(2) NOT NULL AUTO_INCREMENT,AUTO_INCREMENT=4;
--
-- AUTO_INCREMENT for table `m_kota`
--
ALTER TABLE `m_kota`
MODIFY `id_kota` int(5) NOT NULL AUTO_INCREMENT,AUTO_INCREMENT=3;
--
-- AUTO_INCREMENT for table `m_level`
--
ALTER TABLE `m_level`
MODIFY `id_level` int(3) NOT NULL AUTO_INCREMENT,AUTO_INCREMENT=2;
--
-- AUTO_INCREMENT for table `m_menu`
--
ALTER TABLE `m_menu`
MODIFY `kd_menu` int(11) NOT NULL AUTO_INCREMENT,AUTO_INCREMENT=68;
--
-- AUTO_INCREMENT for table `m_mesin`
--
ALTER TABLE `m_mesin`
MODIFY `id_mesin` int(5) NOT NULL AUTO_INCREMENT,AUTO_INCREMENT=4;
--
-- AUTO_INCREMENT for table `m_negara`
--
ALTER TABLE `m_negara`
MODIFY `id_negara` int(11) NOT NULL AUTO_INCREMENT,AUTO_INCREMENT=3;
--
-- AUTO_INCREMENT for table `m_owner`
--
ALTER TABLE `m_owner`
MODIFY `id_owner` int(6) NOT NULL AUTO_INCREMENT,AUTO_INCREMENT=3;
--
-- AUTO_INCREMENT for table `m_pegawai`
--
ALTER TABLE `m_pegawai`
MODIFY `id_pegawai` int(6) NOT NULL AUTO_INCREMENT,AUTO_INCREMENT=4;
--
-- AUTO_INCREMENT for table `m_provinsi`
--
ALTER TABLE `m_provinsi`
MODIFY `id_provinsi` int(3) NOT NULL AUTO_INCREMENT,AUTO_INCREMENT=2;
--
-- AUTO_INCREMENT for table `m_pulau`
--
ALTER TABLE `m_pulau`
MODIFY `id_pulau` int(3) NOT NULL AUTO_INCREMENT,AUTO_INCREMENT=5;
--
-- AUTO_INCREMENT for table `m_roles`
--
ALTER TABLE `m_roles`
MODIFY `roles_id` bigint(20) unsigned NOT NULL AUTO_INCREMENT,AUTO_INCREMENT=740;
--
-- AUTO_INCREMENT for table `m_setting_hadiah`
--
ALTER TABLE `m_setting_hadiah`
MODIFY `id_setting_hadiah` int(4) NOT NULL AUTO_INCREMENT,AUTO_INCREMENT=3;
--
-- AUTO_INCREMENT for table `m_sparepart`
--
ALTER TABLE `m_sparepart`
MODIFY `id_sparepart` int(6) NOT NULL AUTO_INCREMENT,AUTO_INCREMENT=4;
--
-- AUTO_INCREMENT for table `m_stok_hadiah`
--
ALTER TABLE `m_stok_hadiah`
MODIFY `id_stok_hadiah` int(11) NOT NULL AUTO_INCREMENT;
--
-- AUTO_INCREMENT for table `m_stok_kartu`
--
ALTER TABLE `m_stok_kartu`
MODIFY `id_stok_hadiah` int(11) NOT NULL AUTO_INCREMENT;
--
-- AUTO_INCREMENT for table `m_stok_koin`
--
ALTER TABLE `m_stok_koin`
MODIFY `id_stok_hadiah` int(11) NOT NULL AUTO_INCREMENT;
--
-- AUTO_INCREMENT for table `m_stok_sparepart`
--
ALTER TABLE `m_stok_sparepart`
MODIFY `id_stok_sparepart` int(11) NOT NULL AUTO_INCREMENT;
--
-- AUTO_INCREMENT for table `m_stok_tiket`
--
ALTER TABLE `m_stok_tiket`
MODIFY `id_stok_tiket` int(11) NOT NULL AUTO_INCREMENT;
--
-- AUTO_INCREMENT for table `m_supplier`
--
ALTER TABLE `m_supplier`
MODIFY `id_supplier` int(3) NOT NULL AUTO_INCREMENT,AUTO_INCREMENT=10;
--
-- AUTO_INCREMENT for table `m_tiket`
--
ALTER TABLE `m_tiket`
MODIFY `id_tiket` int(2) NOT NULL AUTO_INCREMENT;
--
-- AUTO_INCREMENT for table `zn_hadiah_keluar`
--
ALTER TABLE `zn_hadiah_keluar`
MODIFY `id_hadiah_keluar` int(8) NOT NULL AUTO_INCREMENT;
--
-- AUTO_INCREMENT for table `zn_kartu_penjualan`
--
ALTER TABLE `zn_kartu_penjualan`
MODIFY `id_kartu_penjualan` int(11) NOT NULL AUTO_INCREMENT;
--
-- AUTO_INCREMENT for table `zn_kartu_topup`
--
ALTER TABLE `zn_kartu_topup`
MODIFY `id_kartu_topup` int(11) NOT NULL AUTO_INCREMENT;
--
-- AUTO_INCREMENT for table `zn_log`
--
ALTER TABLE `zn_log`
MODIFY `id` bigint(20) unsigned NOT NULL AUTO_INCREMENT,AUTO_INCREMENT=24282;
--
-- AUTO_INCREMENT for table `zn_mesin_history`
--
ALTER TABLE `zn_mesin_history`
MODIFY `id_mesin_history` int(11) NOT NULL AUTO_INCREMENT;
--
-- AUTO_INCREMENT for table `zn_mesin_kerusakan`
--
ALTER TABLE `zn_mesin_kerusakan`
MODIFY `id_mesin_rusak` int(11) NOT NULL AUTO_INCREMENT;
--
-- AUTO_INCREMENT for table `zn_mesin_kerusakan_history`
--
ALTER TABLE `zn_mesin_kerusakan_history`
MODIFY `id_rusak_history` int(11) NOT NULL AUTO_INCREMENT;
--
-- AUTO_INCREMENT for table `zn_pembelian_hadiah`
--
ALTER TABLE `zn_pembelian_hadiah`
MODIFY `id_pembelian` int(11) NOT NULL AUTO_INCREMENT;
--
-- AUTO_INCREMENT for table `zn_pembelian_hadiah_detail`
--
ALTER TABLE `zn_pembelian_hadiah_detail`
MODIFY `id_pembelian_detail` int(11) NOT NULL AUTO_INCREMENT;
--
-- AUTO_INCREMENT for table `zn_pembelian_kartu`
--
ALTER TABLE `zn_pembelian_kartu`
MODIFY `id_pembelian` int(11) NOT NULL AUTO_INCREMENT;
--
-- AUTO_INCREMENT for table `zn_pembelian_kartu_detail`
--
ALTER TABLE `zn_pembelian_kartu_detail`
MODIFY `id_pembelian_detail` int(11) NOT NULL AUTO_INCREMENT;
--
-- AUTO_INCREMENT for table `zn_pembelian_koin`
--
ALTER TABLE `zn_pembelian_koin`
MODIFY `id_pembelian` int(11) NOT NULL AUTO_INCREMENT;
--
-- AUTO_INCREMENT for table `zn_pembelian_koin_detail`
--
ALTER TABLE `zn_pembelian_koin_detail`
MODIFY `id_pembelian_detail` int(11) NOT NULL AUTO_INCREMENT;
--
-- AUTO_INCREMENT for table `zn_pembelian_mesin`
--
ALTER TABLE `zn_pembelian_mesin`
MODIFY `id_pembelian` int(11) NOT NULL AUTO_INCREMENT;
--
-- AUTO_INCREMENT for table `zn_pembelian_mesin_detail`
--
ALTER TABLE `zn_pembelian_mesin_detail`
MODIFY `id_pembelian_detail` int(11) NOT NULL AUTO_INCREMENT;
--
-- AUTO_INCREMENT for table `zn_pembelian_sparepart`
--
ALTER TABLE `zn_pembelian_sparepart`
MODIFY `id_pembelian` int(11) NOT NULL AUTO_INCREMENT;
--
-- AUTO_INCREMENT for table `zn_pembelian_sparepart_detail`
--
ALTER TABLE `zn_pembelian_sparepart_detail`
MODIFY `id_pembelian_detail` int(11) NOT NULL AUTO_INCREMENT;
--
-- AUTO_INCREMENT for table `zn_pembelian_tiket`
--
ALTER TABLE `zn_pembelian_tiket`
MODIFY `id_pembelian` int(11) NOT NULL AUTO_INCREMENT;
--
-- AUTO_INCREMENT for table `zn_pembelian_tiket_detail`
--
ALTER TABLE `zn_pembelian_tiket_detail`
MODIFY `id_pembelian_detail` int(11) NOT NULL AUTO_INCREMENT;
--
-- AUTO_INCREMENT for table `zn_po_hadiah`
--
ALTER TABLE `zn_po_hadiah`
MODIFY `id_po` int(11) NOT NULL AUTO_INCREMENT;
--
-- AUTO_INCREMENT for table `zn_po_hadiah_detail`
--
ALTER TABLE `zn_po_hadiah_detail`
MODIFY `id_po_detail` int(11) NOT NULL AUTO_INCREMENT;
--
-- AUTO_INCREMENT for table `zn_po_mesin`
--
ALTER TABLE `zn_po_mesin`
MODIFY `id_po` int(11) NOT NULL AUTO_INCREMENT;
--
-- AUTO_INCREMENT for table `zn_po_mesin_detail`
--
ALTER TABLE `zn_po_mesin_detail`
MODIFY `id_po_detail` int(11) NOT NULL AUTO_INCREMENT;
--
-- AUTO_INCREMENT for table `zn_po_sparepart`
--
ALTER TABLE `zn_po_sparepart`
MODIFY `id_po` int(11) NOT NULL AUTO_INCREMENT;
--
-- AUTO_INCREMENT for table `zn_po_sparepart_detail`
--
ALTER TABLE `zn_po_sparepart_detail`
MODIFY `id_po_detail` int(11) NOT NULL AUTO_INCREMENT;
--
-- AUTO_INCREMENT for table `zn_pr_hadiah`
--
ALTER TABLE `zn_pr_hadiah`
MODIFY `id_pr` int(11) NOT NULL AUTO_INCREMENT,AUTO_INCREMENT=4;
--
-- AUTO_INCREMENT for table `zn_pr_hadiah_detail`
--
ALTER TABLE `zn_pr_hadiah_detail`
MODIFY `id_pr_detail` int(11) NOT NULL AUTO_INCREMENT;
--
-- AUTO_INCREMENT for table `zn_pr_hadiah_history`
--
ALTER TABLE `zn_pr_hadiah_history`
MODIFY `id_pr_history` int(11) NOT NULL AUTO_INCREMENT;
--
-- AUTO_INCREMENT for table `zn_pr_hadiah_history_detail`
--
ALTER TABLE `zn_pr_hadiah_history_detail`
MODIFY `id_pr_history_detail` int(11) NOT NULL AUTO_INCREMENT;
--
-- AUTO_INCREMENT for table `zn_pr_mesin`
--
ALTER TABLE `zn_pr_mesin`
MODIFY `id_pr` int(11) NOT NULL AUTO_INCREMENT;
--
-- AUTO_INCREMENT for table `zn_pr_mesin_detail`
--
ALTER TABLE `zn_pr_mesin_detail`
MODIFY `id_pr_detail` int(11) NOT NULL AUTO_INCREMENT;
--
-- AUTO_INCREMENT for table `zn_pr_mesin_history`
--
ALTER TABLE `zn_pr_mesin_history`
MODIFY `id_pr_history` int(11) NOT NULL AUTO_INCREMENT;
--
-- AUTO_INCREMENT for table `zn_pr_mesin_history_detail`
--
ALTER TABLE `zn_pr_mesin_history_detail`
MODIFY `id_pr_history_detail` int(11) NOT NULL AUTO_INCREMENT;
--
-- AUTO_INCREMENT for table `zn_pr_sparepart`
--
ALTER TABLE `zn_pr_sparepart`
MODIFY `id_pr` int(11) NOT NULL AUTO_INCREMENT;
--
-- AUTO_INCREMENT for table `zn_pr_sparepart_detail`
--
ALTER TABLE `zn_pr_sparepart_detail`
MODIFY `id_pr_detail` int(11) NOT NULL AUTO_INCREMENT;
--
-- AUTO_INCREMENT for table `zn_pr_sparepart_history`
--
ALTER TABLE `zn_pr_sparepart_history`
MODIFY `id_pr_history` int(11) NOT NULL AUTO_INCREMENT;
--
-- AUTO_INCREMENT for table `zn_pr_sparepart_history_detail`
--
ALTER TABLE `zn_pr_sparepart_history_detail`
MODIFY `id_pr_history_detail` int(11) NOT NULL AUTO_INCREMENT;
--
-- AUTO_INCREMENT for table `zn_rusak_sparepart`
--
ALTER TABLE `zn_rusak_sparepart`
MODIFY `id_rusak_sparepart` int(11) NOT NULL AUTO_INCREMENT;
--
-- AUTO_INCREMENT for table `zn_service`
--
ALTER TABLE `zn_service`
MODIFY `id_service` int(11) NOT NULL AUTO_INCREMENT;
--
-- AUTO_INCREMENT for table `zn_sparepart_keluar`
--
ALTER TABLE `zn_sparepart_keluar`
MODIFY `id_sparepart_masuk` int(9) NOT NULL AUTO_INCREMENT;
--
-- AUTO_INCREMENT for table `zn_transaksi_mesin`
--
ALTER TABLE `zn_transaksi_mesin`
MODIFY `id_transaksi_mesin` int(20) NOT NULL AUTO_INCREMENT;
--
-- Constraints for dumped tables
--

--
-- Constraints for table `m_area`
--
ALTER TABLE `m_area`
ADD CONSTRAINT `zone2000_fk_area_kota` FOREIGN KEY (`id_kota`) REFERENCES `m_kota` (`id_kota`) ON DELETE NO ACTION ON UPDATE NO ACTION,
ADD CONSTRAINT `zone2000_fk_area_pegawai` FOREIGN KEY (`id_ka_area`) REFERENCES `m_pegawai` (`id_pegawai`) ON DELETE NO ACTION ON UPDATE NO ACTION;

--
-- Constraints for table `m_cabang`
--
ALTER TABLE `m_cabang`
ADD CONSTRAINT `zone2000_fk_cabang_area` FOREIGN KEY (`id_area`) REFERENCES `m_area` (`id_area`) ON DELETE NO ACTION ON UPDATE NO ACTION,
ADD CONSTRAINT `zone2000_fk_cabang_owner` FOREIGN KEY (`id_owner`) REFERENCES `m_owner` (`id_owner`) ON DELETE NO ACTION ON UPDATE NO ACTION;

--
-- Constraints for table `m_cabang_setting`
--
ALTER TABLE `m_cabang_setting`
ADD CONSTRAINT `zone2000_fk_cabang_setting_cabang` FOREIGN KEY (`id_cabang`) REFERENCES `m_cabang` (`id_cabang`) ON DELETE NO ACTION ON UPDATE NO ACTION;

--
-- Constraints for table `m_jenis_mesin`
--
ALTER TABLE `m_jenis_mesin`
ADD CONSTRAINT `zone2000_fk_jenis_mesin_kategori` FOREIGN KEY (`id_kategori_mesin`) REFERENCES `m_kategori_mesin` (`id_kategori_mesin`) ON DELETE NO ACTION ON UPDATE NO ACTION,
ADD CONSTRAINT `zone2000_fk_jenis_mesin_kelas` FOREIGN KEY (`id_kelas`) REFERENCES `m_kelas` (`id_kelas`) ON DELETE NO ACTION ON UPDATE NO ACTION;

--
-- Constraints for table `m_kartu`
--
ALTER TABLE `m_kartu`
ADD CONSTRAINT `zone2000_fk_kartu_cabang` FOREIGN KEY (`id_cabang`) REFERENCES `m_cabang` (`id_cabang`) ON DELETE NO ACTION ON UPDATE NO ACTION,
ADD CONSTRAINT `zone2000_fk_kartu_kategori_katu` FOREIGN KEY (`id_kategori_kartu`) REFERENCES `m_kategori_kartu` (`id_kategori_kartu`) ON DELETE NO ACTION ON UPDATE NO ACTION;

--
-- Constraints for table `m_kota`
--
ALTER TABLE `m_kota`
ADD CONSTRAINT `zone2000_fk_kota_provinsi` FOREIGN KEY (`id_provinsi`) REFERENCES `m_provinsi` (`id_provinsi`) ON DELETE NO ACTION ON UPDATE NO ACTION;

--
-- Constraints for table `m_menu`
--
ALTER TABLE `m_menu`
ADD CONSTRAINT `zone2000_fk_menu_group_menu` FOREIGN KEY (`kd_grup_menu`) REFERENCES `m_grup_menu` (`kd_grup_menu`) ON DELETE NO ACTION ON UPDATE NO ACTION;

--
-- Constraints for table `m_mesin`
--
ALTER TABLE `m_mesin`
ADD CONSTRAINT `zone2000_fk_mesin_cabang` FOREIGN KEY (`id_cabang`) REFERENCES `m_cabang` (`id_cabang`) ON DELETE NO ACTION ON UPDATE NO ACTION,
ADD CONSTRAINT `zone2000_fk_mesin_jenis_mesin` FOREIGN KEY (`id_jenis_mesin`) REFERENCES `m_jenis_mesin` (`id_jenis_mesin`) ON DELETE NO ACTION ON UPDATE NO ACTION,
ADD CONSTRAINT `zone2000_fk_mesin_koin` FOREIGN KEY (`id_koin`) REFERENCES `m_koin` (`id_koin`) ON DELETE NO ACTION ON UPDATE NO ACTION,
ADD CONSTRAINT `zone2000_fk_mesin_owner` FOREIGN KEY (`id_owner`) REFERENCES `m_owner` (`id_owner`) ON DELETE NO ACTION ON UPDATE NO ACTION,
ADD CONSTRAINT `zone2000_fk_mesin_supplier` FOREIGN KEY (`id_supplier`) REFERENCES `m_supplier` (`id_supplier`) ON DELETE NO ACTION ON UPDATE NO ACTION;

--
-- Constraints for table `m_pegawai`
--
ALTER TABLE `m_pegawai`
ADD CONSTRAINT `zone2000_fk_pegawai_jabatan` FOREIGN KEY (`id_jabatan`) REFERENCES `m_jabatan` (`id_jabatan`) ON DELETE NO ACTION ON UPDATE NO ACTION,
ADD CONSTRAINT `zone2000_fk_pegawai_user` FOREIGN KEY (`user_id`) REFERENCES `m_user` (`grup_id`) ON DELETE NO ACTION ON UPDATE NO ACTION;

--
-- Constraints for table `m_provinsi`
--
ALTER TABLE `m_provinsi`
ADD CONSTRAINT `zone2000_fk_provinsi_pulau` FOREIGN KEY (`id_pulau`) REFERENCES `m_pulau` (`id_pulau`) ON DELETE NO ACTION ON UPDATE NO ACTION;

--
-- Constraints for table `m_pulau`
--
ALTER TABLE `m_pulau`
ADD CONSTRAINT `zone2000_fk_pulau_negara` FOREIGN KEY (`id_negara`) REFERENCES `m_negara` (`id_negara`) ON DELETE NO ACTION ON UPDATE NO ACTION;

--
-- Constraints for table `m_roles`
--
ALTER TABLE `m_roles`
ADD CONSTRAINT `zone2000_fk_roles_group` FOREIGN KEY (`grup_id`) REFERENCES `m_grup` (`grup_id`) ON DELETE NO ACTION ON UPDATE NO ACTION;

--
-- Constraints for table `m_stok_hadiah`
--
ALTER TABLE `m_stok_hadiah`
ADD CONSTRAINT `zone2000_fk_stok_hadiah_cabang` FOREIGN KEY (`id_cabang`) REFERENCES `m_cabang` (`id_cabang`) ON DELETE NO ACTION ON UPDATE NO ACTION,
ADD CONSTRAINT `zone2000_fk_stok_hadiah_hadiah` FOREIGN KEY (`id_hadiah`) REFERENCES `m_hadiah` (`id_hadiah`) ON DELETE NO ACTION ON UPDATE NO ACTION;

--
-- Constraints for table `m_stok_kartu`
--
ALTER TABLE `m_stok_kartu`
ADD CONSTRAINT `zone2000_fk_stok_kartu_cabang` FOREIGN KEY (`id_cabang`) REFERENCES `m_cabang` (`id_cabang`) ON DELETE NO ACTION ON UPDATE NO ACTION,
ADD CONSTRAINT `zone2000_fk_stok_kartu_kartu` FOREIGN KEY (`id_kartu`) REFERENCES `m_kartu` (`id_kartu`) ON DELETE NO ACTION ON UPDATE NO ACTION;

--
-- Constraints for table `m_stok_koin`
--
ALTER TABLE `m_stok_koin`
ADD CONSTRAINT `zone2000_fk_stok_koin_cabang` FOREIGN KEY (`id_cabang`) REFERENCES `m_cabang` (`id_cabang`) ON DELETE NO ACTION ON UPDATE NO ACTION,
ADD CONSTRAINT `zone2000_fk_stok_koin_koin` FOREIGN KEY (`id_koin`) REFERENCES `m_koin` (`id_koin`) ON DELETE NO ACTION ON UPDATE NO ACTION;

--
-- Constraints for table `m_stok_sparepart`
--
ALTER TABLE `m_stok_sparepart`
ADD CONSTRAINT `zone2000_fk_stok_sparepart_cabang` FOREIGN KEY (`id_cabang`) REFERENCES `m_cabang` (`id_cabang`) ON DELETE NO ACTION ON UPDATE NO ACTION,
ADD CONSTRAINT `zone2000_fk_stok_sparepart_sparepart` FOREIGN KEY (`id_sparepart`) REFERENCES `m_sparepart` (`id_sparepart`) ON DELETE NO ACTION ON UPDATE NO ACTION;

--
-- Constraints for table `m_stok_tiket`
--
ALTER TABLE `m_stok_tiket`
ADD CONSTRAINT `zone2000_fk_stok_tiket_cabang` FOREIGN KEY (`id_cabang`) REFERENCES `m_cabang` (`id_cabang`) ON DELETE NO ACTION ON UPDATE NO ACTION,
ADD CONSTRAINT `zone2000_fk_stok_tiket_tiket` FOREIGN KEY (`id_tiket`) REFERENCES `m_tiket` (`id_tiket`) ON DELETE NO ACTION ON UPDATE NO ACTION;

--
-- Constraints for table `m_user`
--
ALTER TABLE `m_user`
ADD CONSTRAINT `zone2000_fk_user_group` FOREIGN KEY (`grup_id`) REFERENCES `m_grup` (`grup_id`) ON DELETE NO ACTION ON UPDATE NO ACTION;

--
-- Constraints for table `zn_kartu_penjualan`
--
ALTER TABLE `zn_kartu_penjualan`
ADD CONSTRAINT `zone2000_fk_kartu_penjualan_cabang` FOREIGN KEY (`id_cabang`) REFERENCES `m_cabang` (`id_cabang`) ON DELETE NO ACTION ON UPDATE NO ACTION,
ADD CONSTRAINT `zone2000_fk_kartu_penjualan_kartu` FOREIGN KEY (`id_kartu`) REFERENCES `m_kartu` (`id_kartu`) ON DELETE NO ACTION ON UPDATE NO ACTION,
ADD CONSTRAINT `zone2000_fk_kartu_penjualan_pegawai` FOREIGN KEY (`id_pegawai`) REFERENCES `m_pegawai` (`id_pegawai`) ON DELETE NO ACTION ON UPDATE NO ACTION;

--
-- Constraints for table `zn_kartu_topup`
--
ALTER TABLE `zn_kartu_topup`
ADD CONSTRAINT `zone2000_fk_kartu_toptup_kartu` FOREIGN KEY (`id_kartu`) REFERENCES `m_kartu` (`id_kartu`) ON DELETE NO ACTION ON UPDATE NO ACTION,
ADD CONSTRAINT `zone2000_fk_kartu_topup_cabang` FOREIGN KEY (`id_cabang`) REFERENCES `m_cabang` (`id_cabang`) ON DELETE NO ACTION ON UPDATE NO ACTION,
ADD CONSTRAINT `zone2000_fk_kartu_topup_pegawai` FOREIGN KEY (`id_pegawai`) REFERENCES `m_pegawai` (`id_pegawai`) ON DELETE NO ACTION ON UPDATE NO ACTION;

--
-- Constraints for table `zn_mesin_history`
--
ALTER TABLE `zn_mesin_history`
ADD CONSTRAINT `zone2000_fk_mesin_history_cabang_penerima` FOREIGN KEY (`id_penerima`) REFERENCES `m_cabang` (`id_cabang`) ON DELETE NO ACTION ON UPDATE NO ACTION,
ADD CONSTRAINT `zone2000_fk_mesin_history_cabang_pengirim` FOREIGN KEY (`id_pengirim`) REFERENCES `m_cabang` (`id_cabang`) ON DELETE NO ACTION ON UPDATE NO ACTION,
ADD CONSTRAINT `zone2000_fk_mesin_history_mesin` FOREIGN KEY (`id_mesin`) REFERENCES `m_mesin` (`id_mesin`) ON DELETE NO ACTION ON UPDATE NO ACTION;

--
-- Constraints for table `zn_mesin_kerusakan`
--
ALTER TABLE `zn_mesin_kerusakan`
ADD CONSTRAINT `zone2000_fk_mesin_kerusakan_mesin` FOREIGN KEY (`id_mesin`) REFERENCES `m_mesin` (`id_mesin`) ON DELETE NO ACTION ON UPDATE NO ACTION;

--
-- Constraints for table `zn_mesin_kerusakan_history`
--
ALTER TABLE `zn_mesin_kerusakan_history`
ADD CONSTRAINT `zone2000_fk_mesin_kerusakan_history_mesin_kerusakan` FOREIGN KEY (`id_mesin_rusak`) REFERENCES `zn_mesin_kerusakan` (`id_mesin_rusak`) ON DELETE NO ACTION ON UPDATE NO ACTION,
ADD CONSTRAINT `zone2000_fk_mesin_kerusakan_history_pegawai` FOREIGN KEY (`id_pegawai`) REFERENCES `m_pegawai` (`id_pegawai`) ON DELETE NO ACTION ON UPDATE NO ACTION;

--
-- Constraints for table `zn_pembelian_hadiah`
--
ALTER TABLE `zn_pembelian_hadiah`
ADD CONSTRAINT `zone2000_fk_pembelian_hadiah_cabang` FOREIGN KEY (`id_cabang`) REFERENCES `m_cabang` (`id_cabang`) ON DELETE NO ACTION ON UPDATE NO ACTION,
ADD CONSTRAINT `zone2000_fk_pembelian_hadiah_supplier` FOREIGN KEY (`id_supplier`) REFERENCES `m_supplier` (`id_supplier`) ON DELETE NO ACTION ON UPDATE NO ACTION;

--
-- Constraints for table `zn_pembelian_hadiah_detail`
--
ALTER TABLE `zn_pembelian_hadiah_detail`
ADD CONSTRAINT `zone2000_fk_pembelian_hadiah_detail` FOREIGN KEY (`id_pembelian`) REFERENCES `zn_pembelian_hadiah` (`id_pembelian`) ON DELETE NO ACTION ON UPDATE NO ACTION,
ADD CONSTRAINT `zone2000_fk_pembelian_hadiah_detail_hadiah` FOREIGN KEY (`id_hadiah`) REFERENCES `m_hadiah` (`id_hadiah`) ON DELETE NO ACTION ON UPDATE NO ACTION;

--
-- Constraints for table `zn_pembelian_kartu`
--
ALTER TABLE `zn_pembelian_kartu`
ADD CONSTRAINT `zone2000_fk_pembelian_kartu_cabang` FOREIGN KEY (`id_cabang`) REFERENCES `m_cabang` (`id_cabang`) ON DELETE NO ACTION ON UPDATE NO ACTION,
ADD CONSTRAINT `zone2000_fk_pembelian_kartu_supplier` FOREIGN KEY (`id_supplier`) REFERENCES `m_supplier` (`id_supplier`) ON DELETE NO ACTION ON UPDATE NO ACTION;

--
-- Constraints for table `zn_pembelian_kartu_detail`
--
ALTER TABLE `zn_pembelian_kartu_detail`
ADD CONSTRAINT `zone2000_fk_pembelian_kartu_detail` FOREIGN KEY (`id_pembelian`) REFERENCES `zn_pembelian_kartu` (`id_pembelian`) ON DELETE NO ACTION ON UPDATE NO ACTION,
ADD CONSTRAINT `zone2000_fk_pembelian_kartu_detail_kartu` FOREIGN KEY (`id_kartu`) REFERENCES `m_kartu` (`id_kartu`) ON DELETE NO ACTION ON UPDATE NO ACTION;

--
-- Constraints for table `zn_pembelian_koin`
--
ALTER TABLE `zn_pembelian_koin`
ADD CONSTRAINT `zone2000_fk_pembelian_koin_cabang` FOREIGN KEY (`id_cabang`) REFERENCES `m_cabang` (`id_cabang`) ON DELETE NO ACTION ON UPDATE NO ACTION,
ADD CONSTRAINT `zone2000_fk_pembelian_koin_supplier` FOREIGN KEY (`id_supplier`) REFERENCES `m_supplier` (`id_supplier`) ON DELETE NO ACTION ON UPDATE NO ACTION;

--
-- Constraints for table `zn_pembelian_koin_detail`
--
ALTER TABLE `zn_pembelian_koin_detail`
ADD CONSTRAINT `zone2000_fk_pembelian_koin_detail` FOREIGN KEY (`id_pembelian`) REFERENCES `zn_pembelian_koin` (`id_pembelian`) ON DELETE NO ACTION ON UPDATE NO ACTION,
ADD CONSTRAINT `zone2000_fk_pembelian_koin_detail_koin` FOREIGN KEY (`id_koin`) REFERENCES `m_koin` (`id_koin`) ON DELETE NO ACTION ON UPDATE NO ACTION;

--
-- Constraints for table `zn_pembelian_mesin`
--
ALTER TABLE `zn_pembelian_mesin`
ADD CONSTRAINT `zone2000_fk_pembelian_mesin_cabang` FOREIGN KEY (`id_cabang`) REFERENCES `m_cabang` (`id_cabang`) ON DELETE NO ACTION ON UPDATE NO ACTION,
ADD CONSTRAINT `zone2000_fk_pembelian_mesin_supplier` FOREIGN KEY (`id_supplier`) REFERENCES `m_supplier` (`id_supplier`) ON DELETE NO ACTION ON UPDATE NO ACTION;

--
-- Constraints for table `zn_pembelian_mesin_detail`
--
ALTER TABLE `zn_pembelian_mesin_detail`
ADD CONSTRAINT `zone2000_fk_pembelian_mesin_detail` FOREIGN KEY (`id_pembelian`) REFERENCES `zn_pembelian_mesin` (`id_pembelian`) ON DELETE NO ACTION ON UPDATE NO ACTION,
ADD CONSTRAINT `zone2000_fk_pembelian_mesin_detail_mesin` FOREIGN KEY (`id_mesin`) REFERENCES `m_mesin` (`id_mesin`) ON DELETE NO ACTION ON UPDATE NO ACTION;

--
-- Constraints for table `zn_pembelian_sparepart`
--
ALTER TABLE `zn_pembelian_sparepart`
ADD CONSTRAINT `zone2000_fk_pembelian_sparepart_cabang` FOREIGN KEY (`id_cabang`) REFERENCES `m_cabang` (`id_cabang`) ON DELETE NO ACTION ON UPDATE NO ACTION,
ADD CONSTRAINT `zone2000_fk_pembelian_sparepart_supplier` FOREIGN KEY (`id_supplier`) REFERENCES `m_supplier` (`id_supplier`) ON DELETE NO ACTION ON UPDATE NO ACTION;

--
-- Constraints for table `zn_pembelian_sparepart_detail`
--
ALTER TABLE `zn_pembelian_sparepart_detail`
ADD CONSTRAINT `zone2000_fk_pembelian_sparepart_detail` FOREIGN KEY (`id_pembelian`) REFERENCES `zn_pembelian_sparepart` (`id_pembelian`) ON DELETE NO ACTION ON UPDATE NO ACTION,
ADD CONSTRAINT `zone2000_fk_pembelian_sparepart_detail_sparepart` FOREIGN KEY (`id_sparepart`) REFERENCES `m_sparepart` (`id_sparepart`) ON DELETE NO ACTION ON UPDATE NO ACTION;

--
-- Constraints for table `zn_pembelian_tiket`
--
ALTER TABLE `zn_pembelian_tiket`
ADD CONSTRAINT `zone2000_fk_pembelian_tiket_cabang` FOREIGN KEY (`id_cabang`) REFERENCES `m_cabang` (`id_cabang`) ON DELETE NO ACTION ON UPDATE NO ACTION,
ADD CONSTRAINT `zone2000_fk_pembelian_tiket_supplier` FOREIGN KEY (`id_supplier`) REFERENCES `m_supplier` (`id_supplier`) ON DELETE NO ACTION ON UPDATE NO ACTION;

--
-- Constraints for table `zn_pembelian_tiket_detail`
--
ALTER TABLE `zn_pembelian_tiket_detail`
ADD CONSTRAINT `zone2000_fk_pembelian_tiket_detail` FOREIGN KEY (`id_pembelian`) REFERENCES `zn_pembelian_tiket` (`id_pembelian`) ON DELETE NO ACTION ON UPDATE NO ACTION,
ADD CONSTRAINT `zone2000_fk_pembelian_tiket_detail_tiket` FOREIGN KEY (`id_tiket`) REFERENCES `m_tiket` (`id_tiket`) ON DELETE NO ACTION ON UPDATE NO ACTION;

--
-- Constraints for table `zn_po_hadiah`
--
ALTER TABLE `zn_po_hadiah`
ADD CONSTRAINT `zone2000_fk_po_hadiah_pengirim` FOREIGN KEY (`id_pengirim`) REFERENCES `m_cabang` (`id_cabang`) ON DELETE NO ACTION ON UPDATE NO ACTION,
ADD CONSTRAINT `zone2000_fk_po_hadiah_pr` FOREIGN KEY (`id_pr`) REFERENCES `zn_pr_hadiah` (`id_pr`) ON DELETE NO ACTION ON UPDATE NO ACTION,
ADD CONSTRAINT `zone2000_fk_po_hadiah_tujuan` FOREIGN KEY (`id_tujuan`) REFERENCES `m_cabang` (`id_cabang`) ON DELETE NO ACTION ON UPDATE NO ACTION;

--
-- Constraints for table `zn_po_hadiah_detail`
--
ALTER TABLE `zn_po_hadiah_detail`
ADD CONSTRAINT `zone2000_fk_po_hadiah_detail` FOREIGN KEY (`id_po`) REFERENCES `zn_po_hadiah` (`id_po`) ON DELETE NO ACTION ON UPDATE NO ACTION,
ADD CONSTRAINT `zone2000_fk_po_hadiah_detail_hadiah` FOREIGN KEY (`id_hadiah`) REFERENCES `m_hadiah` (`id_hadiah`) ON DELETE NO ACTION ON UPDATE NO ACTION,
ADD CONSTRAINT `zone2000_fk_po_hadiah_detail_pr_detail` FOREIGN KEY (`id_pr_detail`) REFERENCES `zn_pr_hadiah_detail` (`id_pr_detail`) ON DELETE NO ACTION ON UPDATE NO ACTION;

--
-- Constraints for table `zn_po_mesin`
--
ALTER TABLE `zn_po_mesin`
ADD CONSTRAINT `zone2000_fk_po_mesin_pengirim` FOREIGN KEY (`id_pengirim`) REFERENCES `m_cabang` (`id_cabang`) ON DELETE NO ACTION ON UPDATE NO ACTION,
ADD CONSTRAINT `zone2000_fk_po_mesin_pr` FOREIGN KEY (`id_pr`) REFERENCES `zn_pr_mesin` (`id_pr`) ON DELETE NO ACTION ON UPDATE NO ACTION,
ADD CONSTRAINT `zone2000_fk_po_mesin_tujuan` FOREIGN KEY (`id_tujuan`) REFERENCES `m_cabang` (`id_cabang`) ON DELETE NO ACTION ON UPDATE NO ACTION;

--
-- Constraints for table `zn_po_mesin_detail`
--
ALTER TABLE `zn_po_mesin_detail`
ADD CONSTRAINT `zone2000_fk_po_mesin_detail` FOREIGN KEY (`id_po`) REFERENCES `zn_po_mesin` (`id_po`) ON DELETE NO ACTION ON UPDATE NO ACTION,
ADD CONSTRAINT `zone2000_fk_po_mesin_detail_mesin` FOREIGN KEY (`id_mesin`) REFERENCES `m_mesin` (`id_mesin`) ON DELETE NO ACTION ON UPDATE NO ACTION,
ADD CONSTRAINT `zone2000_fk_po_mesin_detail_pr_detail` FOREIGN KEY (`id_pr_detail`) REFERENCES `zn_pr_mesin_detail` (`id_pr_detail`) ON DELETE NO ACTION ON UPDATE NO ACTION;

--
-- Constraints for table `zn_po_sparepart`
--
ALTER TABLE `zn_po_sparepart`
ADD CONSTRAINT `zone2000_fk_po_sparepart_pengirim` FOREIGN KEY (`id_pengirim`) REFERENCES `m_cabang` (`id_cabang`) ON DELETE NO ACTION ON UPDATE NO ACTION,
ADD CONSTRAINT `zone2000_fk_po_sparepart_pr` FOREIGN KEY (`id_pr`) REFERENCES `zn_pr_sparepart` (`id_pr`) ON DELETE NO ACTION ON UPDATE NO ACTION,
ADD CONSTRAINT `zone2000_fk_po_sparepart_tujuan` FOREIGN KEY (`id_tujuan`) REFERENCES `m_cabang` (`id_cabang`) ON DELETE NO ACTION ON UPDATE NO ACTION;

--
-- Constraints for table `zn_po_sparepart_detail`
--
ALTER TABLE `zn_po_sparepart_detail`
ADD CONSTRAINT `zone2000_fk_po_sparepart_detail` FOREIGN KEY (`id_po`) REFERENCES `zn_po_sparepart` (`id_po`) ON DELETE NO ACTION ON UPDATE NO ACTION,
ADD CONSTRAINT `zone2000_fk_po_sparepart_detail_pr_detail` FOREIGN KEY (`id_pr_detail`) REFERENCES `zn_pr_sparepart_detail` (`id_pr_detail`) ON DELETE NO ACTION ON UPDATE NO ACTION,
ADD CONSTRAINT `zone2000_fk_po_sparepart_detail_sparepart` FOREIGN KEY (`id_sparepart`) REFERENCES `m_sparepart` (`id_sparepart`) ON DELETE NO ACTION ON UPDATE NO ACTION;

--
-- Constraints for table `zn_pr_hadiah`
--
ALTER TABLE `zn_pr_hadiah`
ADD CONSTRAINT `zone2000_fk_pr_hadiah_pengirim` FOREIGN KEY (`id_pengirim`) REFERENCES `m_cabang` (`id_cabang`) ON DELETE NO ACTION ON UPDATE NO ACTION,
ADD CONSTRAINT `zone2000_fk_pr_hadiah_tujuan` FOREIGN KEY (`id_tujuan`) REFERENCES `m_cabang` (`id_cabang`) ON DELETE NO ACTION ON UPDATE NO ACTION;

--
-- Constraints for table `zn_pr_hadiah_detail`
--
ALTER TABLE `zn_pr_hadiah_detail`
ADD CONSTRAINT `zone2000_fk_fr_hadiah_detail` FOREIGN KEY (`id_pr`) REFERENCES `zn_pr_hadiah` (`id_pr`) ON DELETE NO ACTION ON UPDATE NO ACTION,
ADD CONSTRAINT `zone2000_fk_fr_hadiah_hadiah` FOREIGN KEY (`id_hadiah`) REFERENCES `m_hadiah` (`id_hadiah`) ON DELETE NO ACTION ON UPDATE NO ACTION;

--
-- Constraints for table `zn_pr_hadiah_history`
--
ALTER TABLE `zn_pr_hadiah_history`
ADD CONSTRAINT `zone2000_fk_pr_hadiah_history` FOREIGN KEY (`id_pr`) REFERENCES `zn_pr_hadiah` (`id_pr`) ON DELETE NO ACTION ON UPDATE NO ACTION,
ADD CONSTRAINT `zone2000_fk_pr_hadiah_history_pegawai` FOREIGN KEY (`id_pegawai`) REFERENCES `m_pegawai` (`id_pegawai`) ON DELETE NO ACTION ON UPDATE NO ACTION;

--
-- Constraints for table `zn_pr_hadiah_history_detail`
--
ALTER TABLE `zn_pr_hadiah_history_detail`
ADD CONSTRAINT `zone2000_fk_pr_hadiah_history_detail` FOREIGN KEY (`id_pr_history`) REFERENCES `zn_pr_hadiah_history` (`id_pr_history`) ON DELETE NO ACTION ON UPDATE NO ACTION,
ADD CONSTRAINT `zone2000_fk_pr_hadiah_history_detail_hadiah` FOREIGN KEY (`id_hadiah`) REFERENCES `m_hadiah` (`id_hadiah`) ON DELETE NO ACTION ON UPDATE NO ACTION;

--
-- Constraints for table `zn_pr_mesin`
--
ALTER TABLE `zn_pr_mesin`
ADD CONSTRAINT `zone2000_fk_pr_mesin_pengirim` FOREIGN KEY (`id_pengirim`) REFERENCES `m_cabang` (`id_cabang`) ON DELETE NO ACTION ON UPDATE NO ACTION,
ADD CONSTRAINT `zone2000_fk_pr_mesin_tujuan` FOREIGN KEY (`id_tujuan`) REFERENCES `m_cabang` (`id_cabang`) ON DELETE NO ACTION ON UPDATE NO ACTION;

--
-- Constraints for table `zn_pr_mesin_detail`
--
ALTER TABLE `zn_pr_mesin_detail`
ADD CONSTRAINT `zone2000_fk_fr_mesin_detail` FOREIGN KEY (`id_pr`) REFERENCES `zn_pr_mesin` (`id_pr`) ON DELETE NO ACTION ON UPDATE NO ACTION,
ADD CONSTRAINT `zone2000_fk_fr_mesin_jenis_mesin` FOREIGN KEY (`id_jenis_mesin`) REFERENCES `m_jenis_mesin` (`id_jenis_mesin`) ON DELETE NO ACTION ON UPDATE NO ACTION;

--
-- Constraints for table `zn_pr_mesin_history`
--
ALTER TABLE `zn_pr_mesin_history`
ADD CONSTRAINT `zone2000_fk_pr_mesin_history` FOREIGN KEY (`id_pr`) REFERENCES `zn_pr_mesin` (`id_pr`) ON DELETE NO ACTION ON UPDATE NO ACTION,
ADD CONSTRAINT `zone2000_fk_pr_mesin_history_pegawai` FOREIGN KEY (`id_pegawai`) REFERENCES `m_pegawai` (`id_pegawai`) ON DELETE NO ACTION ON UPDATE NO ACTION;

--
-- Constraints for table `zn_pr_mesin_history_detail`
--
ALTER TABLE `zn_pr_mesin_history_detail`
ADD CONSTRAINT `zone2000_fk_pr_mesin_history_detail` FOREIGN KEY (`id_pr_history`) REFERENCES `zn_pr_mesin_history` (`id_pr_history`) ON DELETE NO ACTION ON UPDATE NO ACTION,
ADD CONSTRAINT `zone2000_fk_pr_mesin_history_detail_jenis_mein` FOREIGN KEY (`id_jenis_mesin`) REFERENCES `m_jenis_mesin` (`id_jenis_mesin`) ON DELETE NO ACTION ON UPDATE NO ACTION;

--
-- Constraints for table `zn_pr_sparepart`
--
ALTER TABLE `zn_pr_sparepart`
ADD CONSTRAINT `zone2000_fk_pr_sparepart_mesin_kerusakan` FOREIGN KEY (`id_mesin_rusak`) REFERENCES `zn_mesin_kerusakan` (`id_mesin_rusak`) ON DELETE NO ACTION ON UPDATE NO ACTION,
ADD CONSTRAINT `zone2000_fk_pr_sparepart_pengirim` FOREIGN KEY (`id_pengirim`) REFERENCES `m_cabang` (`id_cabang`) ON DELETE NO ACTION ON UPDATE NO ACTION,
ADD CONSTRAINT `zone2000_fk_pr_sparepart_tujuan` FOREIGN KEY (`id_tujuan`) REFERENCES `m_cabang` (`id_cabang`) ON DELETE NO ACTION ON UPDATE NO ACTION;

--
-- Constraints for table `zn_pr_sparepart_detail`
--
ALTER TABLE `zn_pr_sparepart_detail`
ADD CONSTRAINT `zone2000_fk_fr_sparepart_detail` FOREIGN KEY (`id_pr`) REFERENCES `zn_pr_sparepart` (`id_pr`) ON DELETE NO ACTION ON UPDATE NO ACTION,
ADD CONSTRAINT `zone2000_fk_fr_sparepart_sparepart` FOREIGN KEY (`id_sparepart`) REFERENCES `m_sparepart` (`id_sparepart`) ON DELETE NO ACTION ON UPDATE NO ACTION;

--
-- Constraints for table `zn_pr_sparepart_history`
--
ALTER TABLE `zn_pr_sparepart_history`
ADD CONSTRAINT `zone2000_fk_pr_sparepart_history` FOREIGN KEY (`id_pr`) REFERENCES `zn_pr_sparepart` (`id_pr`) ON DELETE NO ACTION ON UPDATE NO ACTION,
ADD CONSTRAINT `zone2000_fk_pr_sparepart_history_pegawai` FOREIGN KEY (`id_pegawai`) REFERENCES `m_pegawai` (`id_pegawai`) ON DELETE NO ACTION ON UPDATE NO ACTION;

--
-- Constraints for table `zn_pr_sparepart_history_detail`
--
ALTER TABLE `zn_pr_sparepart_history_detail`
ADD CONSTRAINT `zone2000_fk_pr_sparepart_history_detail` FOREIGN KEY (`id_pr_history`) REFERENCES `zn_pr_sparepart_history` (`id_pr_history`) ON DELETE NO ACTION ON UPDATE NO ACTION,
ADD CONSTRAINT `zone2000_fk_pr_sparepart_history_detail_sparepart` FOREIGN KEY (`id_sparepart`) REFERENCES `m_sparepart` (`id_sparepart`) ON DELETE NO ACTION ON UPDATE NO ACTION;

--
-- Constraints for table `zn_rusak_sparepart`
--
ALTER TABLE `zn_rusak_sparepart`
ADD CONSTRAINT `zone2000_fk_rusak_sparepart_mesin_rusak` FOREIGN KEY (`id_mesin_rusak`) REFERENCES `zn_mesin_kerusakan` (`id_mesin_rusak`) ON DELETE NO ACTION ON UPDATE NO ACTION,
ADD CONSTRAINT `zone2000_fk_rusak_sparepart_sparepart` FOREIGN KEY (`id_sparepart`) REFERENCES `m_sparepart` (`id_sparepart`) ON DELETE NO ACTION ON UPDATE NO ACTION;

--
-- Constraints for table `zn_service`
--
ALTER TABLE `zn_service`
ADD CONSTRAINT `zone2000_fk_service_mesin_rusak` FOREIGN KEY (`id_mesin_rusak`) REFERENCES `zn_mesin_kerusakan` (`id_mesin_rusak`) ON DELETE NO ACTION ON UPDATE NO ACTION;

ALTER TABLE `m_sparepart` ADD `harga` BIGINT(10) NOT NULL ;